id,bill_id,difficulty_level,title,summary,content,created_at,updated_at
7ae349b2-c848-4410-b551-0badfe4536c9,0a2ab65c-84ec-4bbc-be69-3a5349966de7,normal,市長専決処分の報告並びに承認を求めることについて［専決第10号　令和7年度田川市一般会計補正予算］,令和7年（第5回）7月臨時会に市長提出から提出され、承認となりました。（議決日: 2025-07-24）,"## 議案情報

- **議案番号**: 報告第6号
- **件名**: 市長専決処分の報告並びに承認を求めることについて［専決第10号　令和7年度田川市一般会計補正予算］
- **提出者**: 市長提出
- **会期**: 令和7年（第5回）7月臨時会（2025-07-24〜2025-07-24）
- **議決結果**: 承認
- **議決日**: 2025-07-24

## 出典

- [田川市議会「令和7年（第5回）7月臨時会の提出議案と議決結果」](https://www.joho.tagawa.fukuoka.jp/kiji00311181/index.html)（福岡県田川市公式サイト）

※ この内容は田川市議会事務局が公開する情報を基に事実のみを転記したものです。分かりやすい解説文のAIによる生成は行っていません。",2025-07-24T00:00:00.000Z,2025-07-24T00:00:00.000Z
f12242e4-8387-45eb-8bab-628ed3e2efe9,04cbfa96-ea80-4431-8531-d9d3be3b672e,normal,市長専決処分の報告並びに承認を求めることについて［専決第11号　令和7年度田川市一般会計補正予算【追加】］,令和7年（第5回）7月臨時会に市長提出から提出され、承認となりました。（議決日: 2025-07-24）,"## 議案情報

- **議案番号**: 報告第7号
- **件名**: 市長専決処分の報告並びに承認を求めることについて［専決第11号　令和7年度田川市一般会計補正予算【追加】］
- **提出者**: 市長提出
- **会期**: 令和7年（第5回）7月臨時会（2025-07-24〜2025-07-24）
- **議決結果**: 承認
- **議決日**: 2025-07-24

## 出典

- [田川市議会「令和7年（第5回）7月臨時会の提出議案と議決結果」](https://www.joho.tagawa.fukuoka.jp/kiji00311181/index.html)（福岡県田川市公式サイト）

※ この内容は田川市議会事務局が公開する情報を基に事実のみを転記したものです。分かりやすい解説文のAIによる生成は行っていません。",2025-07-24T00:00:00.000Z,2025-07-24T00:00:00.000Z
2d3c3011-9b65-4792-9c39-2cf36e8643c7,d3d09ac9-451b-43d5-a204-fcc82cd58a1d,normal,市長専決処分の報告並びに承認を求めることについて［専決第12号　田川市病院事業の設置等に関する条例の一部改正について］,令和7年（第5回）7月臨時会に市長提出から提出され、承認となりました。（議決日: 2025-07-24）,"## 議案情報

- **議案番号**: 報告第8号
- **件名**: 市長専決処分の報告並びに承認を求めることについて［専決第12号　田川市病院事業の設置等に関する条例の一部改正について］
- **提出者**: 市長提出
- **会期**: 令和7年（第5回）7月臨時会（2025-07-24〜2025-07-24）
- **議決結果**: 承認
- **議決日**: 2025-07-24

## 出典

- [田川市議会「令和7年（第5回）7月臨時会の提出議案と議決結果」](https://www.joho.tagawa.fukuoka.jp/kiji00311181/index.html)（福岡県田川市公式サイト）

※ この内容は田川市議会事務局が公開する情報を基に事実のみを転記したものです。分かりやすい解説文のAIによる生成は行っていません。",2025-07-24T00:00:00.000Z,2025-07-24T00:00:00.000Z
4213f775-d91a-47c7-b36f-6074fea2dc9e,f2fabdff-6a10-45de-bdef-9c9e836fbe90,normal,市長専決処分の報告並びに承認を求めることについて［専決第13号　財産の処分について］,令和7年（第5回）7月臨時会に市長提出から提出され、承認となりました。（議決日: 2025-07-24）,"## 議案情報

- **議案番号**: 報告第9号
- **件名**: 市長専決処分の報告並びに承認を求めることについて［専決第13号　財産の処分について］
- **提出者**: 市長提出
- **会期**: 令和7年（第5回）7月臨時会（2025-07-24〜2025-07-24）
- **議決結果**: 承認
- **議決日**: 2025-07-24

## 出典

- [田川市議会「令和7年（第5回）7月臨時会の提出議案と議決結果」](https://www.joho.tagawa.fukuoka.jp/kiji00311181/index.html)（福岡県田川市公式サイト）

※ この内容は田川市議会事務局が公開する情報を基に事実のみを転記したものです。分かりやすい解説文のAIによる生成は行っていません。",2025-07-24T00:00:00.000Z,2025-07-24T00:00:00.000Z
cacb5234-7527-47ed-99cf-888046a2d68f,a38d9652-75bb-4444-8bc5-f04fd5ee2562,normal,市長専決処分の報告並びに承認を求めることについて［専決第14号　市道路線の認定について］,令和7年（第5回）7月臨時会に市長提出から提出され、承認となりました。（議決日: 2025-07-24）,"## 議案情報

- **議案番号**: 報告第10号
- **件名**: 市長専決処分の報告並びに承認を求めることについて［専決第14号　市道路線の認定について］
- **提出者**: 市長提出
- **会期**: 令和7年（第5回）7月臨時会（2025-07-24〜2025-07-24）
- **議決結果**: 承認
- **議決日**: 2025-07-24

## 出典

- [田川市議会「令和7年（第5回）7月臨時会の提出議案と議決結果」](https://www.joho.tagawa.fukuoka.jp/kiji00311181/index.html)（福岡県田川市公式サイト）

※ この内容は田川市議会事務局が公開する情報を基に事実のみを転記したものです。分かりやすい解説文のAIによる生成は行っていません。",2025-07-24T00:00:00.000Z,2025-07-24T00:00:00.000Z
e35da506-fb05-41c6-8943-7c89876ea4c9,fe755aec-a233-4937-9a4a-c2ff2d8ee442,normal,市長専決処分の報告並びに承認を求めることについて［専決第15号　財産の取得について］,令和7年（第5回）7月臨時会に市長提出から提出され、承認となりました。（議決日: 2025-07-24）,"## 議案情報

- **議案番号**: 報告第11号
- **件名**: 市長専決処分の報告並びに承認を求めることについて［専決第15号　財産の取得について］
- **提出者**: 市長提出
- **会期**: 令和7年（第5回）7月臨時会（2025-07-24〜2025-07-24）
- **議決結果**: 承認
- **議決日**: 2025-07-24

## 出典

- [田川市議会「令和7年（第5回）7月臨時会の提出議案と議決結果」](https://www.joho.tagawa.fukuoka.jp/kiji00311181/index.html)（福岡県田川市公式サイト）

※ この内容は田川市議会事務局が公開する情報を基に事実のみを転記したものです。分かりやすい解説文のAIによる生成は行っていません。",2025-07-24T00:00:00.000Z,2025-07-24T00:00:00.000Z
e0d944d8-6032-4d7b-949e-7f942adbad3d,b7829a3b-e4e0-47be-b22c-06ca9677981f,normal,令和7年度田川市一般会計補正予算,令和7年（第5回）7月臨時会に市長提出から提出され、原案可決となりました。（議決日: 2025-07-24）,"## 議案情報

- **議案番号**: 議案第36号
- **件名**: 令和7年度田川市一般会計補正予算
- **提出者**: 市長提出
- **会期**: 令和7年（第5回）7月臨時会（2025-07-24〜2025-07-24）
- **議決結果**: 原案可決
- **議決日**: 2025-07-24

## 出典

- [田川市議会「令和7年（第5回）7月臨時会の提出議案と議決結果」](https://www.joho.tagawa.fukuoka.jp/kiji00311181/index.html)（福岡県田川市公式サイト）

※ この内容は田川市議会事務局が公開する情報を基に事実のみを転記したものです。分かりやすい解説文のAIによる生成は行っていません。",2025-07-24T00:00:00.000Z,2025-07-24T00:00:00.000Z
b7b69093-f1af-45f5-91e1-8e261d79273d,2ac24a74-af8e-49a1-b725-9f132bd4ad9c,normal,田川市長の不適切とされる行為に関する第三者調査委員会設置条例の制定について,令和7年（第5回）7月臨時会に市長提出から提出され、原案可決となりました。（議決日: 2025-07-24）,"## 議案情報

- **議案番号**: 議案第37号
- **件名**: 田川市長の不適切とされる行為に関する第三者調査委員会設置条例の制定について
- **提出者**: 市長提出
- **会期**: 令和7年（第5回）7月臨時会（2025-07-24〜2025-07-24）
- **議決結果**: 原案可決
- **議決日**: 2025-07-24

## 出典

- [田川市議会「令和7年（第5回）7月臨時会の提出議案と議決結果」](https://www.joho.tagawa.fukuoka.jp/kiji00311181/index.html)（福岡県田川市公式サイト）

※ この内容は田川市議会事務局が公開する情報を基に事実のみを転記したものです。分かりやすい解説文のAIによる生成は行っていません。",2025-07-24T00:00:00.000Z,2025-07-24T00:00:00.000Z
394e66b7-6f0f-47eb-be75-546f70de48e6,4a6cd5d3-e5f4-424a-9364-7b36e7ea2f86,normal,損害賠償請求事件に係る和解について,令和7年（第5回）7月臨時会に市長提出から提出され、原案可決となりました。（議決日: 2025-07-24）,"## 議案情報

- **議案番号**: 議案第38号
- **件名**: 損害賠償請求事件に係る和解について
- **提出者**: 市長提出
- **会期**: 令和7年（第5回）7月臨時会（2025-07-24〜2025-07-24）
- **議決結果**: 原案可決
- **議決日**: 2025-07-24

## 出典

- [田川市議会「令和7年（第5回）7月臨時会の提出議案と議決結果」](https://www.joho.tagawa.fukuoka.jp/kiji00311181/index.html)（福岡県田川市公式サイト）

※ この内容は田川市議会事務局が公開する情報を基に事実のみを転記したものです。分かりやすい解説文のAIによる生成は行っていません。",2025-07-24T00:00:00.000Z,2025-07-24T00:00:00.000Z
bb2bf4d1-9fa1-4f46-8b56-d1434c23e21e,ae320cd5-0185-4ea9-b0f8-5c848c128d13,normal,田川市議会議長不信任決議について,令和7年（第5回）7月臨時会に議員提出から提出され、原案可決となりました。（議決日: 2025-07-24）,"## 議案情報

- **議案番号**: 議員提出議案第43号
- **件名**: 田川市議会議長不信任決議について
- **提出者**: 議員提出
- **会期**: 令和7年（第5回）7月臨時会（2025-07-24〜2025-07-24）
- **議決結果**: 原案可決
- **議決日**: 2025-07-24

## 出典

- [田川市議会「令和7年（第5回）7月臨時会の提出議案と議決結果」](https://www.joho.tagawa.fukuoka.jp/kiji00311181/index.html)（福岡県田川市公式サイト）

※ この内容は田川市議会事務局が公開する情報を基に事実のみを転記したものです。分かりやすい解説文のAIによる生成は行っていません。",2025-07-24T00:00:00.000Z,2025-07-24T00:00:00.000Z
466f3937-bfc3-4f97-ac50-21b26dac5c11,8078a8d9-4901-4a8f-b0b8-db6448f60b26,normal,市長専決処分の報告並びに承認を求めることについて［専決第16号］,令和7年（第6回）9月定例会に市長提出から提出され、承認となりました。（議決日: 2025-09-05）,"## 議案情報

- **議案番号**: 報告第12号
- **件名**: 市長専決処分の報告並びに承認を求めることについて［専決第16号］
- **提出者**: 市長提出
- **会期**: 令和7年（第6回）9月定例会（2025-09-05〜2025-10-08）
- **議決結果**: 承認
- **議決日**: 2025-09-05

## 出典

- [田川市議会「令和7年（第6回）9月定例会の提出議案と議決結果」](https://www.joho.tagawa.fukuoka.jp/kiji00311415/index.html)（福岡県田川市公式サイト）

※ この内容は田川市議会事務局が公開する情報を基に事実のみを転記したものです。分かりやすい解説文のAIによる生成は行っていません。",2025-09-05T00:00:00.000Z,2025-09-05T00:00:00.000Z
e5284851-3b0c-458d-b91b-05445669bb65,1a796bfa-ca54-4c94-9d11-baf7348c0733,normal,令和7年度田川市一般会計補正予算（追加）,令和7年（第6回）9月定例会に市長提出から提出され、原案可決となりました。（議決日: 2025-09-05）,"## 議案情報

- **議案番号**: 議案第53号
- **件名**: 令和7年度田川市一般会計補正予算（追加）
- **提出者**: 市長提出
- **会期**: 令和7年（第6回）9月定例会（2025-09-05〜2025-10-08）
- **議決結果**: 原案可決
- **議決日**: 2025-09-05

## 出典

- [田川市議会「令和7年（第6回）9月定例会の提出議案と議決結果」](https://www.joho.tagawa.fukuoka.jp/kiji00311415/index.html)（福岡県田川市公式サイト）

※ この内容は田川市議会事務局が公開する情報を基に事実のみを転記したものです。分かりやすい解説文のAIによる生成は行っていません。",2025-09-05T00:00:00.000Z,2025-09-05T00:00:00.000Z
41dc6220-8d6a-426d-b593-c5b1e0a99d7a,d9660935-616f-462a-aaa7-32e17c1a0b67,normal,令和7年度田川市一般会計補正予算,令和7年（第6回）9月定例会に市長提出から提出され、原案可決となりました。（議決日: 2025-09-26）,"## 議案情報

- **議案番号**: 議案第39号
- **件名**: 令和7年度田川市一般会計補正予算
- **提出者**: 市長提出
- **会期**: 令和7年（第6回）9月定例会（2025-09-05〜2025-10-08）
- **議決結果**: 原案可決
- **議決日**: 2025-09-26

## 出典

- [田川市議会「令和7年（第6回）9月定例会の提出議案と議決結果」](https://www.joho.tagawa.fukuoka.jp/kiji00311415/index.html)（福岡県田川市公式サイト）

※ この内容は田川市議会事務局が公開する情報を基に事実のみを転記したものです。分かりやすい解説文のAIによる生成は行っていません。",2025-09-26T00:00:00.000Z,2025-09-26T00:00:00.000Z
c7f71b27-750f-4a9f-a949-c416033fc648,a7aa729c-03d2-4595-a5d6-544ab6581c3d,normal,令和7年度田川市国民健康保険特別会計補正予算,令和7年（第6回）9月定例会に市長提出から提出され、原案可決となりました。（議決日: 2025-09-26）,"## 議案情報

- **議案番号**: 議案第40号
- **件名**: 令和7年度田川市国民健康保険特別会計補正予算
- **提出者**: 市長提出
- **会期**: 令和7年（第6回）9月定例会（2025-09-05〜2025-10-08）
- **議決結果**: 原案可決
- **議決日**: 2025-09-26

## 出典

- [田川市議会「令和7年（第6回）9月定例会の提出議案と議決結果」](https://www.joho.tagawa.fukuoka.jp/kiji00311415/index.html)（福岡県田川市公式サイト）

※ この内容は田川市議会事務局が公開する情報を基に事実のみを転記したものです。分かりやすい解説文のAIによる生成は行っていません。",2025-09-26T00:00:00.000Z,2025-09-26T00:00:00.000Z
ea72246b-f86c-4f8d-9e81-6ba46e893ee5,d24f7359-1145-4f33-802e-2bf9ff7b4512,normal,令和7年度田川市後期高齢者医療特別会計補正予算,令和7年（第6回）9月定例会に市長提出から提出され、原案可決となりました。（議決日: 2025-09-26）,"## 議案情報

- **議案番号**: 議案第41号
- **件名**: 令和7年度田川市後期高齢者医療特別会計補正予算
- **提出者**: 市長提出
- **会期**: 令和7年（第6回）9月定例会（2025-09-05〜2025-10-08）
- **議決結果**: 原案可決
- **議決日**: 2025-09-26

## 出典

- [田川市議会「令和7年（第6回）9月定例会の提出議案と議決結果」](https://www.joho.tagawa.fukuoka.jp/kiji00311415/index.html)（福岡県田川市公式サイト）

※ この内容は田川市議会事務局が公開する情報を基に事実のみを転記したものです。分かりやすい解説文のAIによる生成は行っていません。",2025-09-26T00:00:00.000Z,2025-09-26T00:00:00.000Z
397b046a-49cd-42e2-822a-f1b8364b587a,47d8ac9d-b731-4d76-8ee5-3f7b903d4d3d,normal,令和7年度田川市急患医療特別会計補正予算,令和7年（第6回）9月定例会に市長提出から提出され、原案可決となりました。（議決日: 2025-09-26）,"## 議案情報

- **議案番号**: 議案第42号
- **件名**: 令和7年度田川市急患医療特別会計補正予算
- **提出者**: 市長提出
- **会期**: 令和7年（第6回）9月定例会（2025-09-05〜2025-10-08）
- **議決結果**: 原案可決
- **議決日**: 2025-09-26

## 出典

- [田川市議会「令和7年（第6回）9月定例会の提出議案と議決結果」](https://www.joho.tagawa.fukuoka.jp/kiji00311415/index.html)（福岡県田川市公式サイト）

※ この内容は田川市議会事務局が公開する情報を基に事実のみを転記したものです。分かりやすい解説文のAIによる生成は行っていません。",2025-09-26T00:00:00.000Z,2025-09-26T00:00:00.000Z
56db6e2d-77aa-46e9-850b-cfe24205aa5a,659e6b6f-f7a3-4478-b19a-66a1d02c4d93,normal,田川市職員の育児休業等に関する条例及び勤務時間条例の一部改正について,令和7年（第6回）9月定例会に市長提出から提出され、原案可決となりました。（議決日: 2025-09-26）,"## 議案情報

- **議案番号**: 議案第43号
- **件名**: 田川市職員の育児休業等に関する条例及び勤務時間条例の一部改正について
- **提出者**: 市長提出
- **会期**: 令和7年（第6回）9月定例会（2025-09-05〜2025-10-08）
- **議決結果**: 原案可決
- **議決日**: 2025-09-26

## 出典

- [田川市議会「令和7年（第6回）9月定例会の提出議案と議決結果」](https://www.joho.tagawa.fukuoka.jp/kiji00311415/index.html)（福岡県田川市公式サイト）

※ この内容は田川市議会事務局が公開する情報を基に事実のみを転記したものです。分かりやすい解説文のAIによる生成は行っていません。",2025-09-26T00:00:00.000Z,2025-09-26T00:00:00.000Z
f694b1b9-b9a8-4d7d-a26b-bee60421a771,ada81052-ca12-4514-9726-c1c7cebd8045,normal,田川市個人番号の利用に関する条例の一部改正について,令和7年（第6回）9月定例会に市長提出から提出され、原案可決となりました。（議決日: 2025-09-26）,"## 議案情報

- **議案番号**: 議案第44号
- **件名**: 田川市個人番号の利用に関する条例の一部改正について
- **提出者**: 市長提出
- **会期**: 令和7年（第6回）9月定例会（2025-09-05〜2025-10-08）
- **議決結果**: 原案可決
- **議決日**: 2025-09-26

## 出典

- [田川市議会「令和7年（第6回）9月定例会の提出議案と議決結果」](https://www.joho.tagawa.fukuoka.jp/kiji00311415/index.html)（福岡県田川市公式サイト）

※ この内容は田川市議会事務局が公開する情報を基に事実のみを転記したものです。分かりやすい解説文のAIによる生成は行っていません。",2025-09-26T00:00:00.000Z,2025-09-26T00:00:00.000Z
9f5241cb-a86a-4352-a98a-740da4d457b4,0e23d8b0-c8ca-4d2d-a5dc-cfc58ef4bd0a,normal,田川市市税条例の一部改正について,令和7年（第6回）9月定例会に市長提出から提出され、原案可決となりました。（議決日: 2025-09-26）,"## 議案情報

- **議案番号**: 議案第45号
- **件名**: 田川市市税条例の一部改正について
- **提出者**: 市長提出
- **会期**: 令和7年（第6回）9月定例会（2025-09-05〜2025-10-08）
- **議決結果**: 原案可決
- **議決日**: 2025-09-26

## 出典

- [田川市議会「令和7年（第6回）9月定例会の提出議案と議決結果」](https://www.joho.tagawa.fukuoka.jp/kiji00311415/index.html)（福岡県田川市公式サイト）

※ この内容は田川市議会事務局が公開する情報を基に事実のみを転記したものです。分かりやすい解説文のAIによる生成は行っていません。",2025-09-26T00:00:00.000Z,2025-09-26T00:00:00.000Z
e79fd186-cc2c-4c78-86c8-9d6a75d07caa,ea4af18f-8c5c-440e-9a99-420699d1ea0c,normal,田川市防災会議条例の一部改正について,令和7年（第6回）9月定例会に市長提出から提出され、原案可決となりました。（議決日: 2025-09-26）,"## 議案情報

- **議案番号**: 議案第46号
- **件名**: 田川市防災会議条例の一部改正について
- **提出者**: 市長提出
- **会期**: 令和7年（第6回）9月定例会（2025-09-05〜2025-10-08）
- **議決結果**: 原案可決
- **議決日**: 2025-09-26

## 出典

- [田川市議会「令和7年（第6回）9月定例会の提出議案と議決結果」](https://www.joho.tagawa.fukuoka.jp/kiji00311415/index.html)（福岡県田川市公式サイト）

※ この内容は田川市議会事務局が公開する情報を基に事実のみを転記したものです。分かりやすい解説文のAIによる生成は行っていません。",2025-09-26T00:00:00.000Z,2025-09-26T00:00:00.000Z
88053636-d5d1-434e-b484-3f86712eaf76,4ef9d832-9dfb-4dfb-9a0f-9322e76eb7de,normal,田川市放課後児童健全育成事業の設備及び運営に関する基準を定める条例の一部改正について,令和7年（第6回）9月定例会に市長提出から提出され、原案可決となりました。（議決日: 2025-09-26）,"## 議案情報

- **議案番号**: 議案第47号
- **件名**: 田川市放課後児童健全育成事業の設備及び運営に関する基準を定める条例の一部改正について
- **提出者**: 市長提出
- **会期**: 令和7年（第6回）9月定例会（2025-09-05〜2025-10-08）
- **議決結果**: 原案可決
- **議決日**: 2025-09-26

## 出典

- [田川市議会「令和7年（第6回）9月定例会の提出議案と議決結果」](https://www.joho.tagawa.fukuoka.jp/kiji00311415/index.html)（福岡県田川市公式サイト）

※ この内容は田川市議会事務局が公開する情報を基に事実のみを転記したものです。分かりやすい解説文のAIによる生成は行っていません。",2025-09-26T00:00:00.000Z,2025-09-26T00:00:00.000Z
2b108ac0-b488-445a-9469-34d4e6f6d469,af5bfda9-153c-4e9c-bd02-84f70f545bc4,normal,転貸債による借入金貸付契約の締結について,令和7年（第6回）9月定例会に市長提出から提出され、原案可決となりました。（議決日: 2025-09-26）,"## 議案情報

- **議案番号**: 議案第48号
- **件名**: 転貸債による借入金貸付契約の締結について
- **提出者**: 市長提出
- **会期**: 令和7年（第6回）9月定例会（2025-09-05〜2025-10-08）
- **議決結果**: 原案可決
- **議決日**: 2025-09-26

## 出典

- [田川市議会「令和7年（第6回）9月定例会の提出議案と議決結果」](https://www.joho.tagawa.fukuoka.jp/kiji00311415/index.html)（福岡県田川市公式サイト）

※ この内容は田川市議会事務局が公開する情報を基に事実のみを転記したものです。分かりやすい解説文のAIによる生成は行っていません。",2025-09-26T00:00:00.000Z,2025-09-26T00:00:00.000Z
d8205365-4e30-4354-83e9-ccf13b082edd,df8b5daa-b4fc-4e30-ac8e-4d2346eba7bd,normal,製造請負契約の締結について,令和7年（第6回）9月定例会に市長提出から提出され、原案可決となりました。（議決日: 2025-09-26）,"## 議案情報

- **議案番号**: 議案第49号
- **件名**: 製造請負契約の締結について
- **提出者**: 市長提出
- **会期**: 令和7年（第6回）9月定例会（2025-09-05〜2025-10-08）
- **議決結果**: 原案可決
- **議決日**: 2025-09-26

## 出典

- [田川市議会「令和7年（第6回）9月定例会の提出議案と議決結果」](https://www.joho.tagawa.fukuoka.jp/kiji00311415/index.html)（福岡県田川市公式サイト）

※ この内容は田川市議会事務局が公開する情報を基に事実のみを転記したものです。分かりやすい解説文のAIによる生成は行っていません。",2025-09-26T00:00:00.000Z,2025-09-26T00:00:00.000Z
70c3cf1b-a59e-4991-891b-3ef00923dad8,f9d1d4e5-fdfe-46a3-a9a6-1d8c9a765751,normal,固定資産評価審査委員会委員の選任について,令和7年（第6回）9月定例会に市長提出から提出され、同意となりました。（議決日: 2025-09-26）,"## 議案情報

- **議案番号**: 議案第50号
- **件名**: 固定資産評価審査委員会委員の選任について
- **提出者**: 市長提出
- **会期**: 令和7年（第6回）9月定例会（2025-09-05〜2025-10-08）
- **議決結果**: 同意
- **議決日**: 2025-09-26

## 出典

- [田川市議会「令和7年（第6回）9月定例会の提出議案と議決結果」](https://www.joho.tagawa.fukuoka.jp/kiji00311415/index.html)（福岡県田川市公式サイト）

※ この内容は田川市議会事務局が公開する情報を基に事実のみを転記したものです。分かりやすい解説文のAIによる生成は行っていません。",2025-09-26T00:00:00.000Z,2025-09-26T00:00:00.000Z
811cbd04-49ad-490e-be86-c33ae73b25b7,ede36bc2-bf04-4528-bec7-fcafe221e179,normal,教育委員会委員の任命について,令和7年（第6回）9月定例会に市長提出から提出され、同意となりました。（議決日: 2025-09-26）,"## 議案情報

- **議案番号**: 議案第51号
- **件名**: 教育委員会委員の任命について
- **提出者**: 市長提出
- **会期**: 令和7年（第6回）9月定例会（2025-09-05〜2025-10-08）
- **議決結果**: 同意
- **議決日**: 2025-09-26

## 出典

- [田川市議会「令和7年（第6回）9月定例会の提出議案と議決結果」](https://www.joho.tagawa.fukuoka.jp/kiji00311415/index.html)（福岡県田川市公式サイト）

※ この内容は田川市議会事務局が公開する情報を基に事実のみを転記したものです。分かりやすい解説文のAIによる生成は行っていません。",2025-09-26T00:00:00.000Z,2025-09-26T00:00:00.000Z
cf3c7af8-b50f-4c6d-852b-ba92c23c9f7e,721d26e0-c257-4fd4-a86f-5ca82e10b1f2,normal,公平委員会委員の選任について,令和7年（第6回）9月定例会に市長提出から提出され、同意となりました。（議決日: 2025-09-26）,"## 議案情報

- **議案番号**: 議案第52号
- **件名**: 公平委員会委員の選任について
- **提出者**: 市長提出
- **会期**: 令和7年（第6回）9月定例会（2025-09-05〜2025-10-08）
- **議決結果**: 同意
- **議決日**: 2025-09-26

## 出典

- [田川市議会「令和7年（第6回）9月定例会の提出議案と議決結果」](https://www.joho.tagawa.fukuoka.jp/kiji00311415/index.html)（福岡県田川市公式サイト）

※ この内容は田川市議会事務局が公開する情報を基に事実のみを転記したものです。分かりやすい解説文のAIによる生成は行っていません。",2025-09-26T00:00:00.000Z,2025-09-26T00:00:00.000Z
b753fbfe-3604-431d-81c4-eccd2db3ac7a,b3223238-210f-4779-8fe8-09d298bbc40a,normal,令和7年度田川市一般会計補正予算（追加その2）,令和7年（第6回）9月定例会に市長提出から提出され、原案可決となりました。（議決日: 2025-09-26）,"## 議案情報

- **議案番号**: 議案第54号
- **件名**: 令和7年度田川市一般会計補正予算（追加その2）
- **提出者**: 市長提出
- **会期**: 令和7年（第6回）9月定例会（2025-09-05〜2025-10-08）
- **議決結果**: 原案可決
- **議決日**: 2025-09-26

## 出典

- [田川市議会「令和7年（第6回）9月定例会の提出議案と議決結果」](https://www.joho.tagawa.fukuoka.jp/kiji00311415/index.html)（福岡県田川市公式サイト）

※ この内容は田川市議会事務局が公開する情報を基に事実のみを転記したものです。分かりやすい解説文のAIによる生成は行っていません。",2025-09-26T00:00:00.000Z,2025-09-26T00:00:00.000Z
d99ba509-3d37-427b-ac35-81343e12bfc6,fef11ff4-a31f-493c-97f0-73650ee8639b,normal,和解及び損害賠償額の決定について,令和7年（第6回）9月定例会に市長提出から提出され、原案可決となりました。（議決日: 2025-09-26）,"## 議案情報

- **議案番号**: 議案第55号
- **件名**: 和解及び損害賠償額の決定について
- **提出者**: 市長提出
- **会期**: 令和7年（第6回）9月定例会（2025-09-05〜2025-10-08）
- **議決結果**: 原案可決
- **議決日**: 2025-09-26

## 出典

- [田川市議会「令和7年（第6回）9月定例会の提出議案と議決結果」](https://www.joho.tagawa.fukuoka.jp/kiji00311415/index.html)（福岡県田川市公式サイト）

※ この内容は田川市議会事務局が公開する情報を基に事実のみを転記したものです。分かりやすい解説文のAIによる生成は行っていません。",2025-09-26T00:00:00.000Z,2025-09-26T00:00:00.000Z
725e5d81-3ee0-4633-abda-b7ad60677ba0,58ac431d-219f-4107-9e66-586461096bdb,normal,人権擁護委員候補者の推薦について,令和7年（第6回）9月定例会に市長提出から提出され、同意となりました。（議決日: 2025-09-26）,"## 議案情報

- **議案番号**: 諮問第1号
- **件名**: 人権擁護委員候補者の推薦について
- **提出者**: 市長提出
- **会期**: 令和7年（第6回）9月定例会（2025-09-05〜2025-10-08）
- **議決結果**: 同意
- **議決日**: 2025-09-26

## 出典

- [田川市議会「令和7年（第6回）9月定例会の提出議案と議決結果」](https://www.joho.tagawa.fukuoka.jp/kiji00311415/index.html)（福岡県田川市公式サイト）

※ この内容は田川市議会事務局が公開する情報を基に事実のみを転記したものです。分かりやすい解説文のAIによる生成は行っていません。",2025-09-26T00:00:00.000Z,2025-09-26T00:00:00.000Z
e2a936ba-e358-4439-bbaf-9797b42158e2,d7f1dcb4-ad3d-4a60-96bd-b47bbfb8873f,normal,令和6年度田川市一般会計歳入歳出決算の認定について,令和7年（第6回）9月定例会に市長提出から提出され、不認定となりました。（議決日: 2025-10-08）,"## 議案情報

- **議案番号**: 認定第1号
- **件名**: 令和6年度田川市一般会計歳入歳出決算の認定について
- **提出者**: 市長提出
- **会期**: 令和7年（第6回）9月定例会（2025-09-05〜2025-10-08）
- **議決結果**: 不認定
- **議決日**: 2025-10-08

## 出典

- [田川市議会「令和7年（第6回）9月定例会の提出議案と議決結果」](https://www.joho.tagawa.fukuoka.jp/kiji00311415/index.html)（福岡県田川市公式サイト）

※ この内容は田川市議会事務局が公開する情報を基に事実のみを転記したものです。分かりやすい解説文のAIによる生成は行っていません。",2025-10-08T00:00:00.000Z,2025-10-08T00:00:00.000Z
565f098b-653b-470b-b5f2-32cdfca8f14c,55744dd6-acf4-4c57-a95e-bc1c5c76e608,normal,令和6年度田川市国民健康保険特別会計歳入歳出決算の認定について,令和7年（第6回）9月定例会に市長提出から提出され、認定となりました。（議決日: 2025-10-08）,"## 議案情報

- **議案番号**: 認定第2号
- **件名**: 令和6年度田川市国民健康保険特別会計歳入歳出決算の認定について
- **提出者**: 市長提出
- **会期**: 令和7年（第6回）9月定例会（2025-09-05〜2025-10-08）
- **議決結果**: 認定
- **議決日**: 2025-10-08

## 出典

- [田川市議会「令和7年（第6回）9月定例会の提出議案と議決結果」](https://www.joho.tagawa.fukuoka.jp/kiji00311415/index.html)（福岡県田川市公式サイト）

※ この内容は田川市議会事務局が公開する情報を基に事実のみを転記したものです。分かりやすい解説文のAIによる生成は行っていません。",2025-10-08T00:00:00.000Z,2025-10-08T00:00:00.000Z
0d628346-8fa8-468d-8e90-6adbb5577101,190efb8a-e1c8-4045-bada-726f74d3c701,normal,令和6年度田川市後期高齢者医療特別会計歳入歳出決算の認定について,令和7年（第6回）9月定例会に市長提出から提出され、認定となりました。（議決日: 2025-10-08）,"## 議案情報

- **議案番号**: 認定第3号
- **件名**: 令和6年度田川市後期高齢者医療特別会計歳入歳出決算の認定について
- **提出者**: 市長提出
- **会期**: 令和7年（第6回）9月定例会（2025-09-05〜2025-10-08）
- **議決結果**: 認定
- **議決日**: 2025-10-08

## 出典

- [田川市議会「令和7年（第6回）9月定例会の提出議案と議決結果」](https://www.joho.tagawa.fukuoka.jp/kiji00311415/index.html)（福岡県田川市公式サイト）

※ この内容は田川市議会事務局が公開する情報を基に事実のみを転記したものです。分かりやすい解説文のAIによる生成は行っていません。",2025-10-08T00:00:00.000Z,2025-10-08T00:00:00.000Z
9c7400c4-d0c8-4acf-8208-4dd142bb27cf,b3bce35d-a896-4e86-95fc-d5e1774dda36,normal,令和6年度田川市急患医療特別会計歳入歳出決算の認定について,令和7年（第6回）9月定例会に市長提出から提出され、認定となりました。（議決日: 2025-10-08）,"## 議案情報

- **議案番号**: 認定第4号
- **件名**: 令和6年度田川市急患医療特別会計歳入歳出決算の認定について
- **提出者**: 市長提出
- **会期**: 令和7年（第6回）9月定例会（2025-09-05〜2025-10-08）
- **議決結果**: 認定
- **議決日**: 2025-10-08

## 出典

- [田川市議会「令和7年（第6回）9月定例会の提出議案と議決結果」](https://www.joho.tagawa.fukuoka.jp/kiji00311415/index.html)（福岡県田川市公式サイト）

※ この内容は田川市議会事務局が公開する情報を基に事実のみを転記したものです。分かりやすい解説文のAIによる生成は行っていません。",2025-10-08T00:00:00.000Z,2025-10-08T00:00:00.000Z
87ae9e66-72d7-43a3-be23-e9717c025a65,b0350b16-b6af-4e7c-85f4-46843edee26f,normal,令和6年度田川市三線沿線地域交通体系整備事業基金特別会計歳入歳出決算の認定について,令和7年（第6回）9月定例会に市長提出から提出され、認定となりました。（議決日: 2025-10-08）,"## 議案情報

- **議案番号**: 認定第5号
- **件名**: 令和6年度田川市三線沿線地域交通体系整備事業基金特別会計歳入歳出決算の認定について
- **提出者**: 市長提出
- **会期**: 令和7年（第6回）9月定例会（2025-09-05〜2025-10-08）
- **議決結果**: 認定
- **議決日**: 2025-10-08

## 出典

- [田川市議会「令和7年（第6回）9月定例会の提出議案と議決結果」](https://www.joho.tagawa.fukuoka.jp/kiji00311415/index.html)（福岡県田川市公式サイト）

※ この内容は田川市議会事務局が公開する情報を基に事実のみを転記したものです。分かりやすい解説文のAIによる生成は行っていません。",2025-10-08T00:00:00.000Z,2025-10-08T00:00:00.000Z
f45f2625-3927-4190-80d5-115848d1d92a,31006ea2-4cef-49ca-8d58-aea4fcecca82,normal,令和6年度田川市病院事業会計決算の認定について,令和7年（第6回）9月定例会に市長提出から提出され、認定となりました。（議決日: 2025-10-08）,"## 議案情報

- **議案番号**: 認定第6号
- **件名**: 令和6年度田川市病院事業会計決算の認定について
- **提出者**: 市長提出
- **会期**: 令和7年（第6回）9月定例会（2025-09-05〜2025-10-08）
- **議決結果**: 認定
- **議決日**: 2025-10-08

## 出典

- [田川市議会「令和7年（第6回）9月定例会の提出議案と議決結果」](https://www.joho.tagawa.fukuoka.jp/kiji00311415/index.html)（福岡県田川市公式サイト）

※ この内容は田川市議会事務局が公開する情報を基に事実のみを転記したものです。分かりやすい解説文のAIによる生成は行っていません。",2025-10-08T00:00:00.000Z,2025-10-08T00:00:00.000Z
020d4522-0e47-4bac-afb5-9ae3d6abd6de,5b7fd631-42e5-48f0-94ff-ec9a1f2d50db,normal,田川市議会議長不信任決議について,令和7年（第6回）9月定例会に議員提出から提出され、原案可決となりました。（議決日: 2025-09-05）,"## 議案情報

- **議案番号**: 議員提出議案第44号
- **件名**: 田川市議会議長不信任決議について
- **提出者**: 議員提出
- **会期**: 令和7年（第6回）9月定例会（2025-09-05〜2025-10-08）
- **議決結果**: 原案可決
- **議決日**: 2025-09-05

## 出典

- [田川市議会「令和7年（第6回）9月定例会の提出議案と議決結果」](https://www.joho.tagawa.fukuoka.jp/kiji00311415/index.html)（福岡県田川市公式サイト）

※ この内容は田川市議会事務局が公開する情報を基に事実のみを転記したものです。分かりやすい解説文のAIによる生成は行っていません。",2025-09-05T00:00:00.000Z,2025-09-05T00:00:00.000Z
75a6ae90-7561-4d1f-96a3-639f0d3df1b4,458b344b-9248-49ba-983a-56ab0b352c93,normal,情報公開請求に係る個人情報漏えい調査決議について,令和7年（第6回）9月定例会に議員提出から提出され、原案可決となりました。（議決日: 2025-09-11）,"## 議案情報

- **議案番号**: 議員提出議案第45号
- **件名**: 情報公開請求に係る個人情報漏えい調査決議について
- **提出者**: 議員提出
- **会期**: 令和7年（第6回）9月定例会（2025-09-05〜2025-10-08）
- **議決結果**: 原案可決
- **議決日**: 2025-09-11

## 出典

- [田川市議会「令和7年（第6回）9月定例会の提出議案と議決結果」](https://www.joho.tagawa.fukuoka.jp/kiji00311415/index.html)（福岡県田川市公式サイト）

※ この内容は田川市議会事務局が公開する情報を基に事実のみを転記したものです。分かりやすい解説文のAIによる生成は行っていません。",2025-09-11T00:00:00.000Z,2025-09-11T00:00:00.000Z
c54b0d27-ab0c-4e9b-ac2e-bbabad6e4e4c,bdcb0c45-47d9-4fc5-b7e6-1c75382d81d1,normal,指名競争入札による建設工事発注に関する調査決議について,令和7年（第6回）9月定例会に議員提出から提出され、原案可決となりました。（議決日: 2025-09-26）,"## 議案情報

- **議案番号**: 議員提出議案第46号
- **件名**: 指名競争入札による建設工事発注に関する調査決議について
- **提出者**: 議員提出
- **会期**: 令和7年（第6回）9月定例会（2025-09-05〜2025-10-08）
- **議決結果**: 原案可決
- **議決日**: 2025-09-26

## 出典

- [田川市議会「令和7年（第6回）9月定例会の提出議案と議決結果」](https://www.joho.tagawa.fukuoka.jp/kiji00311415/index.html)（福岡県田川市公式サイト）

※ この内容は田川市議会事務局が公開する情報を基に事実のみを転記したものです。分かりやすい解説文のAIによる生成は行っていません。",2025-09-26T00:00:00.000Z,2025-09-26T00:00:00.000Z
033f375e-46cf-4fe2-8fec-0c69e1051fbc,05ff91e0-3252-4056-bb5c-c5969e15e1a9,normal,子どもの学びと学校における働き方改革の推進を求める意見書,令和7年（第6回）9月定例会に議員提出から提出され、原案可決となりました。（議決日: 2025-10-08）,"## 議案情報

- **議案番号**: 議員提出議案第47号
- **件名**: 子どもの学びと学校における働き方改革の推進を求める意見書
- **提出者**: 議員提出
- **会期**: 令和7年（第6回）9月定例会（2025-09-05〜2025-10-08）
- **議決結果**: 原案可決
- **議決日**: 2025-10-08

## 出典

- [田川市議会「令和7年（第6回）9月定例会の提出議案と議決結果」](https://www.joho.tagawa.fukuoka.jp/kiji00311415/index.html)（福岡県田川市公式サイト）

※ この内容は田川市議会事務局が公開する情報を基に事実のみを転記したものです。分かりやすい解説文のAIによる生成は行っていません。",2025-10-08T00:00:00.000Z,2025-10-08T00:00:00.000Z
1277cbe4-a86c-46a1-aa4c-82a80bbcfb61,d362e334-730e-4821-b778-a646d369257d,normal,地方財政の充実・強化を求める意見書,令和7年（第6回）9月定例会に議員提出から提出され、原案可決となりました。（議決日: 2025-10-08）,"## 議案情報

- **議案番号**: 議員提出議案第48号
- **件名**: 地方財政の充実・強化を求める意見書
- **提出者**: 議員提出
- **会期**: 令和7年（第6回）9月定例会（2025-09-05〜2025-10-08）
- **議決結果**: 原案可決
- **議決日**: 2025-10-08

## 出典

- [田川市議会「令和7年（第6回）9月定例会の提出議案と議決結果」](https://www.joho.tagawa.fukuoka.jp/kiji00311415/index.html)（福岡県田川市公式サイト）

※ この内容は田川市議会事務局が公開する情報を基に事実のみを転記したものです。分かりやすい解説文のAIによる生成は行っていません。",2025-10-08T00:00:00.000Z,2025-10-08T00:00:00.000Z
3bfe1855-9c6c-404c-b9bc-625a4fffb5b2,58d98710-3e8b-4a5b-96bc-f59ffb64b479,normal,国民健康保険国庫負担の増額を求める意見書,令和7年（第6回）9月定例会に議員提出から提出され、原案可決となりました。（議決日: 2025-10-08）,"## 議案情報

- **議案番号**: 議員提出議案第49号
- **件名**: 国民健康保険国庫負担の増額を求める意見書
- **提出者**: 議員提出
- **会期**: 令和7年（第6回）9月定例会（2025-09-05〜2025-10-08）
- **議決結果**: 原案可決
- **議決日**: 2025-10-08

## 出典

- [田川市議会「令和7年（第6回）9月定例会の提出議案と議決結果」](https://www.joho.tagawa.fukuoka.jp/kiji00311415/index.html)（福岡県田川市公式サイト）

※ この内容は田川市議会事務局が公開する情報を基に事実のみを転記したものです。分かりやすい解説文のAIによる生成は行っていません。",2025-10-08T00:00:00.000Z,2025-10-08T00:00:00.000Z
de233954-5c4d-41f5-84fe-c4fcbe5dca86,d38a5237-aba4-4a75-b16f-3c736c191b78,normal,訪問介護の報酬改定を求める意見書,令和7年（第6回）9月定例会に議員提出から提出され、原案可決となりました。（議決日: 2025-10-08）,"## 議案情報

- **議案番号**: 議員提出議案第50号
- **件名**: 訪問介護の報酬改定を求める意見書
- **提出者**: 議員提出
- **会期**: 令和7年（第6回）9月定例会（2025-09-05〜2025-10-08）
- **議決結果**: 原案可決
- **議決日**: 2025-10-08

## 出典

- [田川市議会「令和7年（第6回）9月定例会の提出議案と議決結果」](https://www.joho.tagawa.fukuoka.jp/kiji00311415/index.html)（福岡県田川市公式サイト）

※ この内容は田川市議会事務局が公開する情報を基に事実のみを転記したものです。分かりやすい解説文のAIによる生成は行っていません。",2025-10-08T00:00:00.000Z,2025-10-08T00:00:00.000Z
4df5c0dc-b274-4f83-a887-45ce48d44dc2,993d5bb2-8287-42b1-ab8d-d75933bde797,normal,民生委員・児童委員の確保を求める意見書,令和7年（第6回）9月定例会に議員提出から提出され、原案可決となりました。（議決日: 2025-10-08）,"## 議案情報

- **議案番号**: 議員提出議案第51号
- **件名**: 民生委員・児童委員の確保を求める意見書
- **提出者**: 議員提出
- **会期**: 令和7年（第6回）9月定例会（2025-09-05〜2025-10-08）
- **議決結果**: 原案可決
- **議決日**: 2025-10-08

## 出典

- [田川市議会「令和7年（第6回）9月定例会の提出議案と議決結果」](https://www.joho.tagawa.fukuoka.jp/kiji00311415/index.html)（福岡県田川市公式サイト）

※ この内容は田川市議会事務局が公開する情報を基に事実のみを転記したものです。分かりやすい解説文のAIによる生成は行っていません。",2025-10-08T00:00:00.000Z,2025-10-08T00:00:00.000Z
89a0eea2-d5e9-4b40-9431-169ade051bee,9ab5c136-5ccb-406d-b3e5-a157b5224bc9,normal,持続可能な病院経営の確保を求める意見書,令和7年（第6回）9月定例会に委員会提出から提出され、原案可決となりました。（議決日: 2025-10-08）,"## 議案情報

- **議案番号**: 委員会提出議案第4号
- **件名**: 持続可能な病院経営の確保を求める意見書
- **提出者**: 委員会提出
- **会期**: 令和7年（第6回）9月定例会（2025-09-05〜2025-10-08）
- **議決結果**: 原案可決
- **議決日**: 2025-10-08

## 出典

- [田川市議会「令和7年（第6回）9月定例会の提出議案と議決結果」](https://www.joho.tagawa.fukuoka.jp/kiji00311415/index.html)（福岡県田川市公式サイト）

※ この内容は田川市議会事務局が公開する情報を基に事実のみを転記したものです。分かりやすい解説文のAIによる生成は行っていません。",2025-10-08T00:00:00.000Z,2025-10-08T00:00:00.000Z
2134eb9b-923a-43ff-a938-724f1f805c0b,4a425b7b-9dee-4e28-9983-44eb3e2a8dc5,normal,令和7年度田川市一般会計補正予算,令和7年（第7回）12月定例会に市長提出から提出され、原案可決となりました。（議決日: 2025-12-18）,"## 議案情報

- **議案番号**: 議案第56号
- **件名**: 令和7年度田川市一般会計補正予算
- **提出者**: 市長提出
- **会期**: 令和7年（第7回）12月定例会（2025-12-01〜2025-12-18）
- **議決結果**: 原案可決
- **議決日**: 2025-12-18

## 出典

- [田川市議会「令和7年（第7回）12月定例会の提出議案と議決結果」](https://www.joho.tagawa.fukuoka.jp/kiji00311472/index.html)（福岡県田川市公式サイト）

※ この内容は田川市議会事務局が公開する情報を基に事実のみを転記したものです。分かりやすい解説文のAIによる生成は行っていません。",2025-12-18T00:00:00.000Z,2025-12-18T00:00:00.000Z
d712ed56-7d0a-448f-b697-26646373c6f3,9e819019-5c1b-48cf-b02e-f5cd2db93f42,normal,令和7年度田川市国民健康保険特別会計補正予算,令和7年（第7回）12月定例会に市長提出から提出され、原案可決となりました。（議決日: 2025-12-18）,"## 議案情報

- **議案番号**: 議案第57号
- **件名**: 令和7年度田川市国民健康保険特別会計補正予算
- **提出者**: 市長提出
- **会期**: 令和7年（第7回）12月定例会（2025-12-01〜2025-12-18）
- **議決結果**: 原案可決
- **議決日**: 2025-12-18

## 出典

- [田川市議会「令和7年（第7回）12月定例会の提出議案と議決結果」](https://www.joho.tagawa.fukuoka.jp/kiji00311472/index.html)（福岡県田川市公式サイト）

※ この内容は田川市議会事務局が公開する情報を基に事実のみを転記したものです。分かりやすい解説文のAIによる生成は行っていません。",2025-12-18T00:00:00.000Z,2025-12-18T00:00:00.000Z
b4b4fcc6-e360-4095-b8b9-4e73978ded8f,f869d784-582f-4a4a-af05-8e1c81d2c07c,normal,第6次田川市総合計画の基本構想の変更及び後期基本計画の策定について,令和7年（第7回）12月定例会に市長提出から提出され、原案可決となりました。（議決日: 2025-12-18）,"## 議案情報

- **議案番号**: 議案第58号
- **件名**: 第6次田川市総合計画の基本構想の変更及び後期基本計画の策定について
- **提出者**: 市長提出
- **会期**: 令和7年（第7回）12月定例会（2025-12-01〜2025-12-18）
- **議決結果**: 原案可決
- **議決日**: 2025-12-18

## 出典

- [田川市議会「令和7年（第7回）12月定例会の提出議案と議決結果」](https://www.joho.tagawa.fukuoka.jp/kiji00311472/index.html)（福岡県田川市公式サイト）

※ この内容は田川市議会事務局が公開する情報を基に事実のみを転記したものです。分かりやすい解説文のAIによる生成は行っていません。",2025-12-18T00:00:00.000Z,2025-12-18T00:00:00.000Z
3be91c46-9d21-4a4a-b6e0-e48e6769dfee,53f2254d-d9ca-4425-b6de-fceecc7207e2,normal,田川地区斎場組合規約の変更について,令和7年（第7回）12月定例会に市長提出から提出され、原案可決となりました。（議決日: 2025-12-18）,"## 議案情報

- **議案番号**: 議案第59号
- **件名**: 田川地区斎場組合規約の変更について
- **提出者**: 市長提出
- **会期**: 令和7年（第7回）12月定例会（2025-12-01〜2025-12-18）
- **議決結果**: 原案可決
- **議決日**: 2025-12-18

## 出典

- [田川市議会「令和7年（第7回）12月定例会の提出議案と議決結果」](https://www.joho.tagawa.fukuoka.jp/kiji00311472/index.html)（福岡県田川市公式サイト）

※ この内容は田川市議会事務局が公開する情報を基に事実のみを転記したものです。分かりやすい解説文のAIによる生成は行っていません。",2025-12-18T00:00:00.000Z,2025-12-18T00:00:00.000Z
4de879d7-a048-4bbb-8759-197f5dd53bdd,a923f76b-5554-4fda-ab7e-4a0b8dbb038d,normal,田川地区斎場組合の解散について,令和7年（第7回）12月定例会に市長提出から提出され、原案可決となりました。（議決日: 2025-12-18）,"## 議案情報

- **議案番号**: 議案第60号
- **件名**: 田川地区斎場組合の解散について
- **提出者**: 市長提出
- **会期**: 令和7年（第7回）12月定例会（2025-12-01〜2025-12-18）
- **議決結果**: 原案可決
- **議決日**: 2025-12-18

## 出典

- [田川市議会「令和7年（第7回）12月定例会の提出議案と議決結果」](https://www.joho.tagawa.fukuoka.jp/kiji00311472/index.html)（福岡県田川市公式サイト）

※ この内容は田川市議会事務局が公開する情報を基に事実のみを転記したものです。分かりやすい解説文のAIによる生成は行っていません。",2025-12-18T00:00:00.000Z,2025-12-18T00:00:00.000Z
868832e2-967f-4c52-af66-cccd86a74eac,e7ada3c2-be17-4efa-b78f-d4e7a92e7496,normal,田川地区斎場組合の解散に伴う財産処分について,令和7年（第7回）12月定例会に市長提出から提出され、原案可決となりました。（議決日: 2025-12-18）,"## 議案情報

- **議案番号**: 議案第61号
- **件名**: 田川地区斎場組合の解散に伴う財産処分について
- **提出者**: 市長提出
- **会期**: 令和7年（第7回）12月定例会（2025-12-01〜2025-12-18）
- **議決結果**: 原案可決
- **議決日**: 2025-12-18

## 出典

- [田川市議会「令和7年（第7回）12月定例会の提出議案と議決結果」](https://www.joho.tagawa.fukuoka.jp/kiji00311472/index.html)（福岡県田川市公式サイト）

※ この内容は田川市議会事務局が公開する情報を基に事実のみを転記したものです。分かりやすい解説文のAIによる生成は行っていません。",2025-12-18T00:00:00.000Z,2025-12-18T00:00:00.000Z
e3322838-6600-4351-ba29-3340a649b44e,3347a982-2d29-4280-b2ce-827a7cae12b8,normal,田川地区広域環境衛生施設組合の共同処理する事務の変更及び規約の変更について,令和7年（第7回）12月定例会に市長提出から提出され、原案可決となりました。（議決日: 2025-12-18）,"## 議案情報

- **議案番号**: 議案第62号
- **件名**: 田川地区広域環境衛生施設組合の共同処理する事務の変更及び規約の変更について
- **提出者**: 市長提出
- **会期**: 令和7年（第7回）12月定例会（2025-12-01〜2025-12-18）
- **議決結果**: 原案可決
- **議決日**: 2025-12-18

## 出典

- [田川市議会「令和7年（第7回）12月定例会の提出議案と議決結果」](https://www.joho.tagawa.fukuoka.jp/kiji00311472/index.html)（福岡県田川市公式サイト）

※ この内容は田川市議会事務局が公開する情報を基に事実のみを転記したものです。分かりやすい解説文のAIによる生成は行っていません。",2025-12-18T00:00:00.000Z,2025-12-18T00:00:00.000Z
5cc65a28-978c-4622-a9d9-ebae9cd7607a,31d6ae80-c3e4-4f34-9da0-b5b963b548f3,normal,財産の取得について（スクールバス）,令和7年（第7回）12月定例会に市長提出から提出され、原案可決となりました。（議決日: 2025-12-18）,"## 議案情報

- **議案番号**: 議案第64号
- **件名**: 財産の取得について（スクールバス）
- **提出者**: 市長提出
- **会期**: 令和7年（第7回）12月定例会（2025-12-01〜2025-12-18）
- **議決結果**: 原案可決
- **議決日**: 2025-12-18

## 出典

- [田川市議会「令和7年（第7回）12月定例会の提出議案と議決結果」](https://www.joho.tagawa.fukuoka.jp/kiji00311472/index.html)（福岡県田川市公式サイト）

※ この内容は田川市議会事務局が公開する情報を基に事実のみを転記したものです。分かりやすい解説文のAIによる生成は行っていません。",2025-12-18T00:00:00.000Z,2025-12-18T00:00:00.000Z
0d5202ce-99ed-4c55-bddc-b30591e5a3c1,fa290f13-f0e8-4d21-80c8-f425b9394042,normal,財産の取得について（電子黒板）,令和7年（第7回）12月定例会に市長提出から提出され、原案可決となりました。（議決日: 2025-12-18）,"## 議案情報

- **議案番号**: 議案第65号
- **件名**: 財産の取得について（電子黒板）
- **提出者**: 市長提出
- **会期**: 令和7年（第7回）12月定例会（2025-12-01〜2025-12-18）
- **議決結果**: 原案可決
- **議決日**: 2025-12-18

## 出典

- [田川市議会「令和7年（第7回）12月定例会の提出議案と議決結果」](https://www.joho.tagawa.fukuoka.jp/kiji00311472/index.html)（福岡県田川市公式サイト）

※ この内容は田川市議会事務局が公開する情報を基に事実のみを転記したものです。分かりやすい解説文のAIによる生成は行っていません。",2025-12-18T00:00:00.000Z,2025-12-18T00:00:00.000Z
883feebc-89f1-4f61-a6ec-87c06d8f3be9,d9bdfd00-d040-49cc-a44e-fc87eb5ce4ef,normal,指定管理者の指定について（田川文化センター、田川青少年文化ホール）,令和7年（第7回）12月定例会に市長提出から提出され、原案可決となりました。（議決日: 2025-12-18）,"## 議案情報

- **議案番号**: 議案第66号
- **件名**: 指定管理者の指定について（田川文化センター、田川青少年文化ホール）
- **提出者**: 市長提出
- **会期**: 令和7年（第7回）12月定例会（2025-12-01〜2025-12-18）
- **議決結果**: 原案可決
- **議決日**: 2025-12-18

## 出典

- [田川市議会「令和7年（第7回）12月定例会の提出議案と議決結果」](https://www.joho.tagawa.fukuoka.jp/kiji00311472/index.html)（福岡県田川市公式サイト）

※ この内容は田川市議会事務局が公開する情報を基に事実のみを転記したものです。分かりやすい解説文のAIによる生成は行っていません。",2025-12-18T00:00:00.000Z,2025-12-18T00:00:00.000Z
9f61b65a-f969-4113-94cc-7f6705e59427,3e93329b-ec55-4051-8bed-27a514c9e106,normal,令和7年度田川市一般会計補正予算（追加）,令和7年（第7回）12月定例会に市長提出から提出され、原案可決となりました。（議決日: 2025-12-01）,"## 議案情報

- **議案番号**: 議案第67号
- **件名**: 令和7年度田川市一般会計補正予算（追加）
- **提出者**: 市長提出
- **会期**: 令和7年（第7回）12月定例会（2025-12-01〜2025-12-18）
- **議決結果**: 原案可決
- **議決日**: 2025-12-01

## 出典

- [田川市議会「令和7年（第7回）12月定例会の提出議案と議決結果」](https://www.joho.tagawa.fukuoka.jp/kiji00311472/index.html)（福岡県田川市公式サイト）

※ この内容は田川市議会事務局が公開する情報を基に事実のみを転記したものです。分かりやすい解説文のAIによる生成は行っていません。",2025-12-01T00:00:00.000Z,2025-12-01T00:00:00.000Z
fd103303-6747-480c-86d4-77190e853098,daaec989-ccc8-421f-a743-6b2b0d418cb1,normal,財産の取得について（2トンプレス式パッカー車、3トンプレス式パッカー車）,令和7年（第7回）12月定例会に市長提出から提出され、原案可決となりました。（議決日: 2025-12-18）,"## 議案情報

- **議案番号**: 議案第68号
- **件名**: 財産の取得について（2トンプレス式パッカー車、3トンプレス式パッカー車）
- **提出者**: 市長提出
- **会期**: 令和7年（第7回）12月定例会（2025-12-01〜2025-12-18）
- **議決結果**: 原案可決
- **議決日**: 2025-12-18

## 出典

- [田川市議会「令和7年（第7回）12月定例会の提出議案と議決結果」](https://www.joho.tagawa.fukuoka.jp/kiji00311472/index.html)（福岡県田川市公式サイト）

※ この内容は田川市議会事務局が公開する情報を基に事実のみを転記したものです。分かりやすい解説文のAIによる生成は行っていません。",2025-12-18T00:00:00.000Z,2025-12-18T00:00:00.000Z
6c16819e-6136-4222-8c0a-5167b75a85af,10938942-3747-4f35-8432-1ccf3500ffe3,normal,令和7年度田川市一般会計補正予算（人件費分）,令和7年（第7回）12月定例会に市長提出から提出され、原案可決となりました。（議決日: 2025-12-18）,"## 議案情報

- **議案番号**: 議案第69号
- **件名**: 令和7年度田川市一般会計補正予算（人件費分）
- **提出者**: 市長提出
- **会期**: 令和7年（第7回）12月定例会（2025-12-01〜2025-12-18）
- **議決結果**: 原案可決
- **議決日**: 2025-12-18

## 出典

- [田川市議会「令和7年（第7回）12月定例会の提出議案と議決結果」](https://www.joho.tagawa.fukuoka.jp/kiji00311472/index.html)（福岡県田川市公式サイト）

※ この内容は田川市議会事務局が公開する情報を基に事実のみを転記したものです。分かりやすい解説文のAIによる生成は行っていません。",2025-12-18T00:00:00.000Z,2025-12-18T00:00:00.000Z
b85ae13c-394e-4770-80a8-0a50d6742e3c,39ecb45d-844f-496f-87b9-7b7028471fd8,normal,令和7年度田川市国民健康保険特別会計補正予算（人件費分）,令和7年（第7回）12月定例会に市長提出から提出され、原案可決となりました。（議決日: 2025-12-18）,"## 議案情報

- **議案番号**: 議案第70号
- **件名**: 令和7年度田川市国民健康保険特別会計補正予算（人件費分）
- **提出者**: 市長提出
- **会期**: 令和7年（第7回）12月定例会（2025-12-01〜2025-12-18）
- **議決結果**: 原案可決
- **議決日**: 2025-12-18

## 出典

- [田川市議会「令和7年（第7回）12月定例会の提出議案と議決結果」](https://www.joho.tagawa.fukuoka.jp/kiji00311472/index.html)（福岡県田川市公式サイト）

※ この内容は田川市議会事務局が公開する情報を基に事実のみを転記したものです。分かりやすい解説文のAIによる生成は行っていません。",2025-12-18T00:00:00.000Z,2025-12-18T00:00:00.000Z
bbf28b02-3982-4256-a83a-a1cc389ccca0,ffe587ac-520b-4c43-bed4-005ccb68d852,normal,令和7年度田川市後期高齢者医療特別会計補正予算（人件費分）,令和7年（第7回）12月定例会に市長提出から提出され、原案可決となりました。（議決日: 2025-12-18）,"## 議案情報

- **議案番号**: 議案第71号
- **件名**: 令和7年度田川市後期高齢者医療特別会計補正予算（人件費分）
- **提出者**: 市長提出
- **会期**: 令和7年（第7回）12月定例会（2025-12-01〜2025-12-18）
- **議決結果**: 原案可決
- **議決日**: 2025-12-18

## 出典

- [田川市議会「令和7年（第7回）12月定例会の提出議案と議決結果」](https://www.joho.tagawa.fukuoka.jp/kiji00311472/index.html)（福岡県田川市公式サイト）

※ この内容は田川市議会事務局が公開する情報を基に事実のみを転記したものです。分かりやすい解説文のAIによる生成は行っていません。",2025-12-18T00:00:00.000Z,2025-12-18T00:00:00.000Z
e84b463a-eac8-4e18-9b70-c7b8abd00619,dbc08d2a-7b4b-44ac-8dc4-990a882c40dc,normal,令和7年度田川市急患医療特別会計補正予算（人件費分）,令和7年（第7回）12月定例会に市長提出から提出され、原案可決となりました。（議決日: 2025-12-18）,"## 議案情報

- **議案番号**: 議案第72号
- **件名**: 令和7年度田川市急患医療特別会計補正予算（人件費分）
- **提出者**: 市長提出
- **会期**: 令和7年（第7回）12月定例会（2025-12-01〜2025-12-18）
- **議決結果**: 原案可決
- **議決日**: 2025-12-18

## 出典

- [田川市議会「令和7年（第7回）12月定例会の提出議案と議決結果」](https://www.joho.tagawa.fukuoka.jp/kiji00311472/index.html)（福岡県田川市公式サイト）

※ この内容は田川市議会事務局が公開する情報を基に事実のみを転記したものです。分かりやすい解説文のAIによる生成は行っていません。",2025-12-18T00:00:00.000Z,2025-12-18T00:00:00.000Z
d94f567e-aee2-4d45-bc2a-dd43fe7f2f48,6645f39f-8334-4c2a-b0b1-626e6f1f31bd,normal,令和7年度田川市一般会計補正予算（追加その2）,令和7年（第7回）12月定例会に市長提出から提出され、原案可決となりました。（議決日: 2025-12-18）,"## 議案情報

- **議案番号**: 議案第73号
- **件名**: 令和7年度田川市一般会計補正予算（追加その2）
- **提出者**: 市長提出
- **会期**: 令和7年（第7回）12月定例会（2025-12-01〜2025-12-18）
- **議決結果**: 原案可決
- **議決日**: 2025-12-18

## 出典

- [田川市議会「令和7年（第7回）12月定例会の提出議案と議決結果」](https://www.joho.tagawa.fukuoka.jp/kiji00311472/index.html)（福岡県田川市公式サイト）

※ この内容は田川市議会事務局が公開する情報を基に事実のみを転記したものです。分かりやすい解説文のAIによる生成は行っていません。",2025-12-18T00:00:00.000Z,2025-12-18T00:00:00.000Z
96c1377d-fa44-4b19-8456-5e359e5fb41d,504d43c5-77d6-461f-a149-2df026b5d386,normal,田川市職員の給与に関する条例等の一部改正について,令和7年（第7回）12月定例会に市長提出から提出され、原案可決となりました。（議決日: 2025-12-18）,"## 議案情報

- **議案番号**: 議案第74号
- **件名**: 田川市職員の給与に関する条例等の一部改正について
- **提出者**: 市長提出
- **会期**: 令和7年（第7回）12月定例会（2025-12-01〜2025-12-18）
- **議決結果**: 原案可決
- **議決日**: 2025-12-18

## 出典

- [田川市議会「令和7年（第7回）12月定例会の提出議案と議決結果」](https://www.joho.tagawa.fukuoka.jp/kiji00311472/index.html)（福岡県田川市公式サイト）

※ この内容は田川市議会事務局が公開する情報を基に事実のみを転記したものです。分かりやすい解説文のAIによる生成は行っていません。",2025-12-18T00:00:00.000Z,2025-12-18T00:00:00.000Z
2ff57af6-ea6d-4bc8-b4e6-9f31cb364806,3aa08b38-0642-4dbe-8549-ee4a35d47396,normal,田川市議会議員の議員報酬及び費用弁償等に関する条例の一部改正について,令和7年（第7回）12月定例会に市長提出から提出され、原案可決となりました。（議決日: 2025-12-18）,"## 議案情報

- **議案番号**: 議案第75号
- **件名**: 田川市議会議員の議員報酬及び費用弁償等に関する条例の一部改正について
- **提出者**: 市長提出
- **会期**: 令和7年（第7回）12月定例会（2025-12-01〜2025-12-18）
- **議決結果**: 原案可決
- **議決日**: 2025-12-18

## 出典

- [田川市議会「令和7年（第7回）12月定例会の提出議案と議決結果」](https://www.joho.tagawa.fukuoka.jp/kiji00311472/index.html)（福岡県田川市公式サイト）

※ この内容は田川市議会事務局が公開する情報を基に事実のみを転記したものです。分かりやすい解説文のAIによる生成は行っていません。",2025-12-18T00:00:00.000Z,2025-12-18T00:00:00.000Z
248d0643-a0d8-4df7-8961-7538521f8afc,793622e5-02fe-452b-8d6c-da90bf0fdd41,normal,和解及び損害賠償の額を定めることについて,令和7年（第7回）12月定例会に市長提出から提出され、原案可決となりました。（議決日: 2025-12-18）,"## 議案情報

- **議案番号**: 議案第76号
- **件名**: 和解及び損害賠償の額を定めることについて
- **提出者**: 市長提出
- **会期**: 令和7年（第7回）12月定例会（2025-12-01〜2025-12-18）
- **議決結果**: 原案可決
- **議決日**: 2025-12-18

## 出典

- [田川市議会「令和7年（第7回）12月定例会の提出議案と議決結果」](https://www.joho.tagawa.fukuoka.jp/kiji00311472/index.html)（福岡県田川市公式サイト）

※ この内容は田川市議会事務局が公開する情報を基に事実のみを転記したものです。分かりやすい解説文のAIによる生成は行っていません。",2025-12-18T00:00:00.000Z,2025-12-18T00:00:00.000Z
1286b3c2-b0fc-4d40-bf47-d1fefcff0323,0ac6763d-779a-40a4-9232-12a4899a2682,normal,和解の一部変更について,令和7年（第7回）12月定例会に市長提出から提出され、原案可決となりました。（議決日: 2025-12-18）,"## 議案情報

- **議案番号**: 議案第77号
- **件名**: 和解の一部変更について
- **提出者**: 市長提出
- **会期**: 令和7年（第7回）12月定例会（2025-12-01〜2025-12-18）
- **議決結果**: 原案可決
- **議決日**: 2025-12-18

## 出典

- [田川市議会「令和7年（第7回）12月定例会の提出議案と議決結果」](https://www.joho.tagawa.fukuoka.jp/kiji00311472/index.html)（福岡県田川市公式サイト）

※ この内容は田川市議会事務局が公開する情報を基に事実のみを転記したものです。分かりやすい解説文のAIによる生成は行っていません。",2025-12-18T00:00:00.000Z,2025-12-18T00:00:00.000Z
3dd128f3-d350-4d91-bebb-c3b218274d6e,78d74c81-4469-4252-9dc2-1cc620847cf8,normal,人権擁護委員候補者の推薦について,令和7年（第7回）12月定例会に市長提出から提出され、同意となりました。（議決日: 2025-12-18）,"## 議案情報

- **議案番号**: 諮問第2号
- **件名**: 人権擁護委員候補者の推薦について
- **提出者**: 市長提出
- **会期**: 令和7年（第7回）12月定例会（2025-12-01〜2025-12-18）
- **議決結果**: 同意
- **議決日**: 2025-12-18

## 出典

- [田川市議会「令和7年（第7回）12月定例会の提出議案と議決結果」](https://www.joho.tagawa.fukuoka.jp/kiji00311472/index.html)（福岡県田川市公式サイト）

※ この内容は田川市議会事務局が公開する情報を基に事実のみを転記したものです。分かりやすい解説文のAIによる生成は行っていません。",2025-12-18T00:00:00.000Z,2025-12-18T00:00:00.000Z
730dce9e-8600-4515-98a6-4023c7329051,2db53ffa-d1cc-4615-b9e4-88d69d9836e9,normal,田川市議会議長不信任決議について,令和7年（第7回）12月定例会に議員提出から提出され、原案可決となりました。（議決日: 2025-12-01）,"## 議案情報

- **議案番号**: 議員提出議案第52号
- **件名**: 田川市議会議長不信任決議について
- **提出者**: 議員提出
- **会期**: 令和7年（第7回）12月定例会（2025-12-01〜2025-12-18）
- **議決結果**: 原案可決
- **議決日**: 2025-12-01

## 出典

- [田川市議会「令和7年（第7回）12月定例会の提出議案と議決結果」](https://www.joho.tagawa.fukuoka.jp/kiji00311472/index.html)（福岡県田川市公式サイト）

※ この内容は田川市議会事務局が公開する情報を基に事実のみを転記したものです。分かりやすい解説文のAIによる生成は行っていません。",2025-12-01T00:00:00.000Z,2025-12-01T00:00:00.000Z
e8b80c3e-132d-4ae2-a67d-2a0a187a9147,030e30ca-6ad0-4dcb-b6f7-1956476f2457,normal,永原譲二大任町長の田川市議会に対する不当な政治的介入に関する抗議の決議について,令和7年（第7回）12月定例会に議員提出から提出され、原案可決となりました。（議決日: 2025-12-18）,"## 議案情報

- **議案番号**: 議員提出議案第53号
- **件名**: 永原譲二大任町長の田川市議会に対する不当な政治的介入に関する抗議の決議について
- **提出者**: 議員提出
- **会期**: 令和7年（第7回）12月定例会（2025-12-01〜2025-12-18）
- **議決結果**: 原案可決
- **議決日**: 2025-12-18

## 出典

- [田川市議会「令和7年（第7回）12月定例会の提出議案と議決結果」](https://www.joho.tagawa.fukuoka.jp/kiji00311472/index.html)（福岡県田川市公式サイト）

※ この内容は田川市議会事務局が公開する情報を基に事実のみを転記したものです。分かりやすい解説文のAIによる生成は行っていません。",2025-12-18T00:00:00.000Z,2025-12-18T00:00:00.000Z
3dc1ee00-a388-4831-a196-f595695ed17c,f824b64a-f58a-4562-a261-e920c74d3a3f,normal,令和7年度田川市一般会計補正予算,令和8年（第1回）1月臨時会に市長提出から提出され、原案可決となりました。（議決日: 2026-01-19）,"## 議案情報

- **議案番号**: 議案第1号
- **件名**: 令和7年度田川市一般会計補正予算
- **提出者**: 市長提出
- **会期**: 令和8年（第1回）1月臨時会（2026-01-19〜2026-01-19）
- **議決結果**: 原案可決
- **議決日**: 2026-01-19

## 出典

- [田川市議会「令和8年（第1回）1月臨時会の提出議案と議決結果」](https://www.joho.tagawa.fukuoka.jp/kiji00311511/index.html)（福岡県田川市公式サイト）

※ この内容は田川市議会事務局が公開する情報を基に事実のみを転記したものです。分かりやすい解説文のAIによる生成は行っていません。",2026-01-19T00:00:00.000Z,2026-01-19T00:00:00.000Z
9fa4e2ec-95b6-4490-b85a-e45b53b2815b,145209c8-e6ff-4196-917c-01c895aa5e7d,normal,市長専決処分の報告並びに承認を求めることについて（令和7年度田川市一般会計補正予算）,令和8年（第2回）3月定例会に市長提出から提出され、承認となりました。（議決日: 2026-02-19）,"## 議案情報

- **議案番号**: 報告第1号
- **件名**: 市長専決処分の報告並びに承認を求めることについて（令和7年度田川市一般会計補正予算）
- **提出者**: 市長提出
- **会期**: 令和8年（第2回）3月定例会（2026-02-19〜2026-03-18）
- **議決結果**: 承認
- **議決日**: 2026-02-19

## 出典

- [田川市議会「令和8年（第2回）3月定例会の提出議案と議決結果」](https://www.joho.tagawa.fukuoka.jp/kiji00311615/index.html)（福岡県田川市公式サイト）

※ この内容は田川市議会事務局が公開する情報を基に事実のみを転記したものです。分かりやすい解説文のAIによる生成は行っていません。",2026-02-19T00:00:00.000Z,2026-02-19T00:00:00.000Z
40795f87-d22a-4e68-aa46-1b7f4956b16a,ce25d952-545b-4163-8ae5-f1936dff0cdf,normal,令和7年度田川市一般会計補正予算,令和8年（第2回）3月定例会に市長提出から提出され、原案可決となりました。（議決日: 2026-03-04）,"## 議案情報

- **議案番号**: 議案第2号
- **件名**: 令和7年度田川市一般会計補正予算
- **提出者**: 市長提出
- **会期**: 令和8年（第2回）3月定例会（2026-02-19〜2026-03-18）
- **議決結果**: 原案可決
- **議決日**: 2026-03-04

## 出典

- [田川市議会「令和8年（第2回）3月定例会の提出議案と議決結果」](https://www.joho.tagawa.fukuoka.jp/kiji00311615/index.html)（福岡県田川市公式サイト）

※ この内容は田川市議会事務局が公開する情報を基に事実のみを転記したものです。分かりやすい解説文のAIによる生成は行っていません。",2026-03-04T00:00:00.000Z,2026-03-04T00:00:00.000Z
72174941-f0d5-4369-a3da-04614a7cc77a,98c5fbc1-ce80-4fdf-b710-ffa8c3d9667f,normal,令和7年度田川市国民健康保険特別会計補正予算,令和8年（第2回）3月定例会に市長提出から提出され、原案可決となりました。（議決日: 2026-03-04）,"## 議案情報

- **議案番号**: 議案第3号
- **件名**: 令和7年度田川市国民健康保険特別会計補正予算
- **提出者**: 市長提出
- **会期**: 令和8年（第2回）3月定例会（2026-02-19〜2026-03-18）
- **議決結果**: 原案可決
- **議決日**: 2026-03-04

## 出典

- [田川市議会「令和8年（第2回）3月定例会の提出議案と議決結果」](https://www.joho.tagawa.fukuoka.jp/kiji00311615/index.html)（福岡県田川市公式サイト）

※ この内容は田川市議会事務局が公開する情報を基に事実のみを転記したものです。分かりやすい解説文のAIによる生成は行っていません。",2026-03-04T00:00:00.000Z,2026-03-04T00:00:00.000Z
f44bd278-2691-469c-83cb-c15569715c06,925d59b4-58d3-42aa-80c9-1bfb4f2c2863,normal,令和7年度田川市後期高齢者医療特別会計補正予算,令和8年（第2回）3月定例会に市長提出から提出され、原案可決となりました。（議決日: 2026-03-04）,"## 議案情報

- **議案番号**: 議案第4号
- **件名**: 令和7年度田川市後期高齢者医療特別会計補正予算
- **提出者**: 市長提出
- **会期**: 令和8年（第2回）3月定例会（2026-02-19〜2026-03-18）
- **議決結果**: 原案可決
- **議決日**: 2026-03-04

## 出典

- [田川市議会「令和8年（第2回）3月定例会の提出議案と議決結果」](https://www.joho.tagawa.fukuoka.jp/kiji00311615/index.html)（福岡県田川市公式サイト）

※ この内容は田川市議会事務局が公開する情報を基に事実のみを転記したものです。分かりやすい解説文のAIによる生成は行っていません。",2026-03-04T00:00:00.000Z,2026-03-04T00:00:00.000Z
5a9b7b9c-22f6-4404-8cc1-2e76256a5753,83078d5b-cd45-4d3f-b99f-07eb2d90ccd1,normal,令和7年度田川市急患医療特別会計補正予算,令和8年（第2回）3月定例会に市長提出から提出され、原案可決となりました。（議決日: 2026-03-04）,"## 議案情報

- **議案番号**: 議案第5号
- **件名**: 令和7年度田川市急患医療特別会計補正予算
- **提出者**: 市長提出
- **会期**: 令和8年（第2回）3月定例会（2026-02-19〜2026-03-18）
- **議決結果**: 原案可決
- **議決日**: 2026-03-04

## 出典

- [田川市議会「令和8年（第2回）3月定例会の提出議案と議決結果」](https://www.joho.tagawa.fukuoka.jp/kiji00311615/index.html)（福岡県田川市公式サイト）

※ この内容は田川市議会事務局が公開する情報を基に事実のみを転記したものです。分かりやすい解説文のAIによる生成は行っていません。",2026-03-04T00:00:00.000Z,2026-03-04T00:00:00.000Z
e2f34f01-181f-4772-b3fa-aa1fbe53b831,a15003e3-aace-490d-8bc3-60961cc2dce2,normal,令和7年度田川市病院事業会計補正予算,令和8年（第2回）3月定例会に市長提出から提出され、原案可決となりました。（議決日: 2026-03-04）,"## 議案情報

- **議案番号**: 議案第6号
- **件名**: 令和7年度田川市病院事業会計補正予算
- **提出者**: 市長提出
- **会期**: 令和8年（第2回）3月定例会（2026-02-19〜2026-03-18）
- **議決結果**: 原案可決
- **議決日**: 2026-03-04

## 出典

- [田川市議会「令和8年（第2回）3月定例会の提出議案と議決結果」](https://www.joho.tagawa.fukuoka.jp/kiji00311615/index.html)（福岡県田川市公式サイト）

※ この内容は田川市議会事務局が公開する情報を基に事実のみを転記したものです。分かりやすい解説文のAIによる生成は行っていません。",2026-03-04T00:00:00.000Z,2026-03-04T00:00:00.000Z
4639613b-7996-403b-9006-3d79a8ec6826,6ea9f259-e473-4b8a-a6f0-1019cbf15199,normal,令和8年度田川市一般会計予算,令和8年（第2回）3月定例会に市長提出から提出され、原案可決となりました。（議決日: 2026-03-18）,"## 議案情報

- **議案番号**: 議案第7号
- **件名**: 令和8年度田川市一般会計予算
- **提出者**: 市長提出
- **会期**: 令和8年（第2回）3月定例会（2026-02-19〜2026-03-18）
- **議決結果**: 原案可決
- **議決日**: 2026-03-18

## 出典

- [田川市議会「令和8年（第2回）3月定例会の提出議案と議決結果」](https://www.joho.tagawa.fukuoka.jp/kiji00311615/index.html)（福岡県田川市公式サイト）

※ この内容は田川市議会事務局が公開する情報を基に事実のみを転記したものです。分かりやすい解説文のAIによる生成は行っていません。",2026-03-18T00:00:00.000Z,2026-03-18T00:00:00.000Z
7590c69b-61b1-4972-a1f7-f0202e69b0c6,e983eb12-738a-4c51-890f-297b89df92d2,normal,令和8年度田川市国民健康保険特別会計予算,令和8年（第2回）3月定例会に市長提出から提出され、原案可決となりました。（議決日: 2026-03-18）,"## 議案情報

- **議案番号**: 議案第8号
- **件名**: 令和8年度田川市国民健康保険特別会計予算
- **提出者**: 市長提出
- **会期**: 令和8年（第2回）3月定例会（2026-02-19〜2026-03-18）
- **議決結果**: 原案可決
- **議決日**: 2026-03-18

## 出典

- [田川市議会「令和8年（第2回）3月定例会の提出議案と議決結果」](https://www.joho.tagawa.fukuoka.jp/kiji00311615/index.html)（福岡県田川市公式サイト）

※ この内容は田川市議会事務局が公開する情報を基に事実のみを転記したものです。分かりやすい解説文のAIによる生成は行っていません。",2026-03-18T00:00:00.000Z,2026-03-18T00:00:00.000Z
886da00d-2a73-4eca-911b-43ec40aadc61,65b2cd46-a032-4821-b6aa-9d9c1561512b,normal,令和8年度田川市後期高齢者医療特別会計予算,令和8年（第2回）3月定例会に市長提出から提出され、原案可決となりました。（議決日: 2026-03-18）,"## 議案情報

- **議案番号**: 議案第9号
- **件名**: 令和8年度田川市後期高齢者医療特別会計予算
- **提出者**: 市長提出
- **会期**: 令和8年（第2回）3月定例会（2026-02-19〜2026-03-18）
- **議決結果**: 原案可決
- **議決日**: 2026-03-18

## 出典

- [田川市議会「令和8年（第2回）3月定例会の提出議案と議決結果」](https://www.joho.tagawa.fukuoka.jp/kiji00311615/index.html)（福岡県田川市公式サイト）

※ この内容は田川市議会事務局が公開する情報を基に事実のみを転記したものです。分かりやすい解説文のAIによる生成は行っていません。",2026-03-18T00:00:00.000Z,2026-03-18T00:00:00.000Z
de9e1e0e-30fd-4ead-8b34-ad3ddf56a0ff,44dc0f1c-a1a4-4f58-a41c-df9b59a41aac,normal,令和8年度田川市急患医療特別会計予算,令和8年（第2回）3月定例会に市長提出から提出され、原案可決となりました。（議決日: 2026-03-18）,"## 議案情報

- **議案番号**: 議案第10号
- **件名**: 令和8年度田川市急患医療特別会計予算
- **提出者**: 市長提出
- **会期**: 令和8年（第2回）3月定例会（2026-02-19〜2026-03-18）
- **議決結果**: 原案可決
- **議決日**: 2026-03-18

## 出典

- [田川市議会「令和8年（第2回）3月定例会の提出議案と議決結果」](https://www.joho.tagawa.fukuoka.jp/kiji00311615/index.html)（福岡県田川市公式サイト）

※ この内容は田川市議会事務局が公開する情報を基に事実のみを転記したものです。分かりやすい解説文のAIによる生成は行っていません。",2026-03-18T00:00:00.000Z,2026-03-18T00:00:00.000Z
b2285f36-52e0-4c41-b645-f68cb7c444ce,1aea51fb-d11b-4a46-9de9-f19be16c906f,normal,令和8年度田川市三線沿線地域交通体系整備事業基金特別会計予算,令和8年（第2回）3月定例会に市長提出から提出され、原案可決となりました。（議決日: 2026-03-18）,"## 議案情報

- **議案番号**: 議案第11号
- **件名**: 令和8年度田川市三線沿線地域交通体系整備事業基金特別会計予算
- **提出者**: 市長提出
- **会期**: 令和8年（第2回）3月定例会（2026-02-19〜2026-03-18）
- **議決結果**: 原案可決
- **議決日**: 2026-03-18

## 出典

- [田川市議会「令和8年（第2回）3月定例会の提出議案と議決結果」](https://www.joho.tagawa.fukuoka.jp/kiji00311615/index.html)（福岡県田川市公式サイト）

※ この内容は田川市議会事務局が公開する情報を基に事実のみを転記したものです。分かりやすい解説文のAIによる生成は行っていません。",2026-03-18T00:00:00.000Z,2026-03-18T00:00:00.000Z
abfe969c-fadd-445d-986f-27c779603066,3c8a12c7-4066-458c-a0e1-3fef474a6a85,normal,令和8年度田川市病院事業会計予算,令和8年（第2回）3月定例会に市長提出から提出され、原案可決となりました。（議決日: 2026-03-18）,"## 議案情報

- **議案番号**: 議案第12号
- **件名**: 令和8年度田川市病院事業会計予算
- **提出者**: 市長提出
- **会期**: 令和8年（第2回）3月定例会（2026-02-19〜2026-03-18）
- **議決結果**: 原案可決
- **議決日**: 2026-03-18

## 出典

- [田川市議会「令和8年（第2回）3月定例会の提出議案と議決結果」](https://www.joho.tagawa.fukuoka.jp/kiji00311615/index.html)（福岡県田川市公式サイト）

※ この内容は田川市議会事務局が公開する情報を基に事実のみを転記したものです。分かりやすい解説文のAIによる生成は行っていません。",2026-03-18T00:00:00.000Z,2026-03-18T00:00:00.000Z
249089a3-1bea-4fc6-84f6-b618492556e4,3ba19b26-0284-40ff-b1b1-dcc538356d76,normal,田川市印鑑条例の一部改正について,令和8年（第2回）3月定例会に市長提出から提出され、原案可決となりました。（議決日: 2026-03-18）,"## 議案情報

- **議案番号**: 議案第13号
- **件名**: 田川市印鑑条例の一部改正について
- **提出者**: 市長提出
- **会期**: 令和8年（第2回）3月定例会（2026-02-19〜2026-03-18）
- **議決結果**: 原案可決
- **議決日**: 2026-03-18

## 出典

- [田川市議会「令和8年（第2回）3月定例会の提出議案と議決結果」](https://www.joho.tagawa.fukuoka.jp/kiji00311615/index.html)（福岡県田川市公式サイト）

※ この内容は田川市議会事務局が公開する情報を基に事実のみを転記したものです。分かりやすい解説文のAIによる生成は行っていません。",2026-03-18T00:00:00.000Z,2026-03-18T00:00:00.000Z
e751988e-b533-4712-b964-97819369cbd4,1cc3164b-6cba-4217-9962-52d52399bcb1,normal,田川市国民健康保険税条例の一部改正について,令和8年（第2回）3月定例会に市長提出から提出され、原案可決となりました。（議決日: 2026-03-18）,"## 議案情報

- **議案番号**: 議案第14号
- **件名**: 田川市国民健康保険税条例の一部改正について
- **提出者**: 市長提出
- **会期**: 令和8年（第2回）3月定例会（2026-02-19〜2026-03-18）
- **議決結果**: 原案可決
- **議決日**: 2026-03-18

## 出典

- [田川市議会「令和8年（第2回）3月定例会の提出議案と議決結果」](https://www.joho.tagawa.fukuoka.jp/kiji00311615/index.html)（福岡県田川市公式サイト）

※ この内容は田川市議会事務局が公開する情報を基に事実のみを転記したものです。分かりやすい解説文のAIによる生成は行っていません。",2026-03-18T00:00:00.000Z,2026-03-18T00:00:00.000Z
e4e065ad-f60d-4f8d-bb29-e978e4353df0,0827fc04-259d-49e7-9a50-ab16a579627f,normal,田川市猫の不妊去勢費用支援基金条例の制定について,令和8年（第2回）3月定例会に市長提出から提出され、原案可決となりました。（議決日: 2026-03-04）,"## 議案情報

- **議案番号**: 議案第15号
- **件名**: 田川市猫の不妊去勢費用支援基金条例の制定について
- **提出者**: 市長提出
- **会期**: 令和8年（第2回）3月定例会（2026-02-19〜2026-03-18）
- **議決結果**: 原案可決
- **議決日**: 2026-03-04

## 出典

- [田川市議会「令和8年（第2回）3月定例会の提出議案と議決結果」](https://www.joho.tagawa.fukuoka.jp/kiji00311615/index.html)（福岡県田川市公式サイト）

※ この内容は田川市議会事務局が公開する情報を基に事実のみを転記したものです。分かりやすい解説文のAIによる生成は行っていません。",2026-03-04T00:00:00.000Z,2026-03-04T00:00:00.000Z
a851d6a6-9341-4f5f-a9ce-b5319a4c79f5,409f59e5-dc4d-4e9d-84d4-ff6a67a633b4,normal,田川市乳児等通園支援事業の基準を定める条例の制定について,令和8年（第2回）3月定例会に市長提出から提出され、原案可決となりました。（議決日: 2026-03-18）,"## 議案情報

- **議案番号**: 議案第16号
- **件名**: 田川市乳児等通園支援事業の基準を定める条例の制定について
- **提出者**: 市長提出
- **会期**: 令和8年（第2回）3月定例会（2026-02-19〜2026-03-18）
- **議決結果**: 原案可決
- **議決日**: 2026-03-18

## 出典

- [田川市議会「令和8年（第2回）3月定例会の提出議案と議決結果」](https://www.joho.tagawa.fukuoka.jp/kiji00311615/index.html)（福岡県田川市公式サイト）

※ この内容は田川市議会事務局が公開する情報を基に事実のみを転記したものです。分かりやすい解説文のAIによる生成は行っていません。",2026-03-18T00:00:00.000Z,2026-03-18T00:00:00.000Z
01bfc855-5fe3-46ab-a342-73952a550957,93716458-e95c-4f4e-b2be-fc052eee967e,normal,田川市特定乳児等通園支援事業の基準を定める条例の制定について,令和8年（第2回）3月定例会に市長提出から提出され、原案可決となりました。（議決日: 2026-03-18）,"## 議案情報

- **議案番号**: 議案第17号
- **件名**: 田川市特定乳児等通園支援事業の基準を定める条例の制定について
- **提出者**: 市長提出
- **会期**: 令和8年（第2回）3月定例会（2026-02-19〜2026-03-18）
- **議決結果**: 原案可決
- **議決日**: 2026-03-18

## 出典

- [田川市議会「令和8年（第2回）3月定例会の提出議案と議決結果」](https://www.joho.tagawa.fukuoka.jp/kiji00311615/index.html)（福岡県田川市公式サイト）

※ この内容は田川市議会事務局が公開する情報を基に事実のみを転記したものです。分かりやすい解説文のAIによる生成は行っていません。",2026-03-18T00:00:00.000Z,2026-03-18T00:00:00.000Z
12016f3e-270f-442d-8f54-cdbb245caded,99816d96-7af8-42de-943e-8c8d98c6a871,normal,田川市教育・保育施設等の運営に関する基準を定める条例の一部改正について,令和8年（第2回）3月定例会に市長提出から提出され、原案可決となりました。（議決日: 2026-03-18）,"## 議案情報

- **議案番号**: 議案第18号
- **件名**: 田川市教育・保育施設等の運営に関する基準を定める条例の一部改正について
- **提出者**: 市長提出
- **会期**: 令和8年（第2回）3月定例会（2026-02-19〜2026-03-18）
- **議決結果**: 原案可決
- **議決日**: 2026-03-18

## 出典

- [田川市議会「令和8年（第2回）3月定例会の提出議案と議決結果」](https://www.joho.tagawa.fukuoka.jp/kiji00311615/index.html)（福岡県田川市公式サイト）

※ この内容は田川市議会事務局が公開する情報を基に事実のみを転記したものです。分かりやすい解説文のAIによる生成は行っていません。",2026-03-18T00:00:00.000Z,2026-03-18T00:00:00.000Z
7057e20b-ca01-4115-a32f-203281532d9e,366c394b-580e-45b5-a07d-acd272c58b6f,normal,田川市放課後児童クラブ設置条例の制定について,令和8年（第2回）3月定例会に市長提出から提出され、原案可決となりました。（議決日: 2026-03-18）,"## 議案情報

- **議案番号**: 議案第19号
- **件名**: 田川市放課後児童クラブ設置条例の制定について
- **提出者**: 市長提出
- **会期**: 令和8年（第2回）3月定例会（2026-02-19〜2026-03-18）
- **議決結果**: 原案可決
- **議決日**: 2026-03-18

## 出典

- [田川市議会「令和8年（第2回）3月定例会の提出議案と議決結果」](https://www.joho.tagawa.fukuoka.jp/kiji00311615/index.html)（福岡県田川市公式サイト）

※ この内容は田川市議会事務局が公開する情報を基に事実のみを転記したものです。分かりやすい解説文のAIによる生成は行っていません。",2026-03-18T00:00:00.000Z,2026-03-18T00:00:00.000Z
a84f0021-1909-41dc-826d-62f9cccc920d,2022dd8d-cb99-4bfd-943c-35a6749e3f87,normal,田川市立小中一貫校猪位金学園教育振興基金条例の制定について,令和8年（第2回）3月定例会に市長提出から提出され、原案可決となりました。（議決日: 2026-03-04）,"## 議案情報

- **議案番号**: 議案第20号
- **件名**: 田川市立小中一貫校猪位金学園教育振興基金条例の制定について
- **提出者**: 市長提出
- **会期**: 令和8年（第2回）3月定例会（2026-02-19〜2026-03-18）
- **議決結果**: 原案可決
- **議決日**: 2026-03-04

## 出典

- [田川市議会「令和8年（第2回）3月定例会の提出議案と議決結果」](https://www.joho.tagawa.fukuoka.jp/kiji00311615/index.html)（福岡県田川市公式サイト）

※ この内容は田川市議会事務局が公開する情報を基に事実のみを転記したものです。分かりやすい解説文のAIによる生成は行っていません。",2026-03-04T00:00:00.000Z,2026-03-04T00:00:00.000Z
c5b12441-99d5-44ac-8906-7a437c8e6536,6cae044b-932e-4b99-8e30-3452d91b6e76,normal,田川市過疎地域持続的発展計画の策定について,令和8年（第2回）3月定例会に市長提出から提出され、原案可決となりました。（議決日: 2026-03-18）,"## 議案情報

- **議案番号**: 議案第21号
- **件名**: 田川市過疎地域持続的発展計画の策定について
- **提出者**: 市長提出
- **会期**: 令和8年（第2回）3月定例会（2026-02-19〜2026-03-18）
- **議決結果**: 原案可決
- **議決日**: 2026-03-18

## 出典

- [田川市議会「令和8年（第2回）3月定例会の提出議案と議決結果」](https://www.joho.tagawa.fukuoka.jp/kiji00311615/index.html)（福岡県田川市公式サイト）

※ この内容は田川市議会事務局が公開する情報を基に事実のみを転記したものです。分かりやすい解説文のAIによる生成は行っていません。",2026-03-18T00:00:00.000Z,2026-03-18T00:00:00.000Z
930faab6-b5eb-4113-adac-fbd803012844,5cf6c6ed-5d09-4461-ae50-c6434fdcede3,normal,特定の事務を取り扱う郵便局の指定変更について,令和8年（第2回）3月定例会に市長提出から提出され、原案可決となりました。（議決日: 2026-03-18）,"## 議案情報

- **議案番号**: 議案第22号
- **件名**: 特定の事務を取り扱う郵便局の指定変更について
- **提出者**: 市長提出
- **会期**: 令和8年（第2回）3月定例会（2026-02-19〜2026-03-18）
- **議決結果**: 原案可決
- **議決日**: 2026-03-18

## 出典

- [田川市議会「令和8年（第2回）3月定例会の提出議案と議決結果」](https://www.joho.tagawa.fukuoka.jp/kiji00311615/index.html)（福岡県田川市公式サイト）

※ この内容は田川市議会事務局が公開する情報を基に事実のみを転記したものです。分かりやすい解説文のAIによる生成は行っていません。",2026-03-18T00:00:00.000Z,2026-03-18T00:00:00.000Z
5e6a9d42-fcce-446b-a7f4-fa524a8c7ad5,ec9cf035-0f44-4bc3-a116-d089ef099fde,normal,市道路線の認定について（奈良タウン1号線）,令和8年（第2回）3月定例会に市長提出から提出され、原案可決となりました。（議決日: 2026-03-18）,"## 議案情報

- **議案番号**: 議案第23号
- **件名**: 市道路線の認定について（奈良タウン1号線）
- **提出者**: 市長提出
- **会期**: 令和8年（第2回）3月定例会（2026-02-19〜2026-03-18）
- **議決結果**: 原案可決
- **議決日**: 2026-03-18

## 出典

- [田川市議会「令和8年（第2回）3月定例会の提出議案と議決結果」](https://www.joho.tagawa.fukuoka.jp/kiji00311615/index.html)（福岡県田川市公式サイト）

※ この内容は田川市議会事務局が公開する情報を基に事実のみを転記したものです。分かりやすい解説文のAIによる生成は行っていません。",2026-03-18T00:00:00.000Z,2026-03-18T00:00:00.000Z
f3010445-8daa-4e70-8443-25fa513aba36,33da1545-0b1b-4117-9e94-dd6717870e40,normal,固定資産評価審査委員会委員の選任について（和田孝子氏）,令和8年（第2回）3月定例会に市長提出から提出され、同意となりました。（議決日: 2026-03-18）,"## 議案情報

- **議案番号**: 議案第24号
- **件名**: 固定資産評価審査委員会委員の選任について（和田孝子氏）
- **提出者**: 市長提出
- **会期**: 令和8年（第2回）3月定例会（2026-02-19〜2026-03-18）
- **議決結果**: 同意
- **議決日**: 2026-03-18

## 出典

- [田川市議会「令和8年（第2回）3月定例会の提出議案と議決結果」](https://www.joho.tagawa.fukuoka.jp/kiji00311615/index.html)（福岡県田川市公式サイト）

※ この内容は田川市議会事務局が公開する情報を基に事実のみを転記したものです。分かりやすい解説文のAIによる生成は行っていません。",2026-03-18T00:00:00.000Z,2026-03-18T00:00:00.000Z
e6a58773-edba-4210-91eb-99914b208a3c,d21e940e-1168-437a-a2ca-60d256e53708,normal,固定資産評価審査委員会委員の選任について（岩岡智之氏）,令和8年（第2回）3月定例会に市長提出から提出され、同意となりました。（議決日: 2026-03-18）,"## 議案情報

- **議案番号**: 議案第25号
- **件名**: 固定資産評価審査委員会委員の選任について（岩岡智之氏）
- **提出者**: 市長提出
- **会期**: 令和8年（第2回）3月定例会（2026-02-19〜2026-03-18）
- **議決結果**: 同意
- **議決日**: 2026-03-18

## 出典

- [田川市議会「令和8年（第2回）3月定例会の提出議案と議決結果」](https://www.joho.tagawa.fukuoka.jp/kiji00311615/index.html)（福岡県田川市公式サイト）

※ この内容は田川市議会事務局が公開する情報を基に事実のみを転記したものです。分かりやすい解説文のAIによる生成は行っていません。",2026-03-18T00:00:00.000Z,2026-03-18T00:00:00.000Z
aeb1686f-d09a-4435-8d57-31aa2916758d,0636e910-b2e2-4f11-861f-7285f7b874bd,normal,田川市都市公園条例の一部改正について,令和8年（第2回）3月定例会に市長提出から提出され、原案可決となりました。（議決日: 2026-03-18）,"## 議案情報

- **議案番号**: 議案第26号
- **件名**: 田川市都市公園条例の一部改正について
- **提出者**: 市長提出
- **会期**: 令和8年（第2回）3月定例会（2026-02-19〜2026-03-18）
- **議決結果**: 原案可決
- **議決日**: 2026-03-18

## 出典

- [田川市議会「令和8年（第2回）3月定例会の提出議案と議決結果」](https://www.joho.tagawa.fukuoka.jp/kiji00311615/index.html)（福岡県田川市公式サイト）

※ この内容は田川市議会事務局が公開する情報を基に事実のみを転記したものです。分かりやすい解説文のAIによる生成は行っていません。",2026-03-18T00:00:00.000Z,2026-03-18T00:00:00.000Z
f574df06-b17e-4ef6-af73-8f14c58224f5,2d561ba4-86bf-4b88-be8e-481526157778,normal,人権擁護委員候補者の推薦について（田尼得美穂氏）,令和8年（第2回）3月定例会に市長提出から提出され、同意となりました。（議決日: 2026-03-18）,"## 議案情報

- **議案番号**: 諮問第1号
- **件名**: 人権擁護委員候補者の推薦について（田尼得美穂氏）
- **提出者**: 市長提出
- **会期**: 令和8年（第2回）3月定例会（2026-02-19〜2026-03-18）
- **議決結果**: 同意
- **議決日**: 2026-03-18

## 出典

- [田川市議会「令和8年（第2回）3月定例会の提出議案と議決結果」](https://www.joho.tagawa.fukuoka.jp/kiji00311615/index.html)（福岡県田川市公式サイト）

※ この内容は田川市議会事務局が公開する情報を基に事実のみを転記したものです。分かりやすい解説文のAIによる生成は行っていません。",2026-03-18T00:00:00.000Z,2026-03-18T00:00:00.000Z
168b0043-8896-4dfc-b772-ef29c1163e92,813b2f9d-1007-47a1-ade9-8c5d66450adf,normal,人権擁護委員候補者の推薦について（村上美鈴氏）,令和8年（第2回）3月定例会に市長提出から提出され、同意となりました。（議決日: 2026-03-18）,"## 議案情報

- **議案番号**: 諮問第2号
- **件名**: 人権擁護委員候補者の推薦について（村上美鈴氏）
- **提出者**: 市長提出
- **会期**: 令和8年（第2回）3月定例会（2026-02-19〜2026-03-18）
- **議決結果**: 同意
- **議決日**: 2026-03-18

## 出典

- [田川市議会「令和8年（第2回）3月定例会の提出議案と議決結果」](https://www.joho.tagawa.fukuoka.jp/kiji00311615/index.html)（福岡県田川市公式サイト）

※ この内容は田川市議会事務局が公開する情報を基に事実のみを転記したものです。分かりやすい解説文のAIによる生成は行っていません。",2026-03-18T00:00:00.000Z,2026-03-18T00:00:00.000Z
a29148c0-3aa4-43a5-bb41-76f502a22c93,1eca6107-44d6-4c7f-a740-f47c4c3129d3,normal,一般廃棄物処理業務調査特別委員会の経費に関する決議について,令和8年（第2回）3月定例会に議員提出から提出され、原案可決となりました。（議決日: 2026-03-18）,"## 議案情報

- **議案番号**: 議員提出議案第54号
- **件名**: 一般廃棄物処理業務調査特別委員会の経費に関する決議について
- **提出者**: 議員提出
- **会期**: 令和8年（第2回）3月定例会（2026-02-19〜2026-03-18）
- **議決結果**: 原案可決
- **議決日**: 2026-03-18

## 出典

- [田川市議会「令和8年（第2回）3月定例会の提出議案と議決結果」](https://www.joho.tagawa.fukuoka.jp/kiji00311615/index.html)（福岡県田川市公式サイト）

※ この内容は田川市議会事務局が公開する情報を基に事実のみを転記したものです。分かりやすい解説文のAIによる生成は行っていません。",2026-03-18T00:00:00.000Z,2026-03-18T00:00:00.000Z
3c92948d-62ff-48a7-a608-b93a7e2d2b1b,d893a6be-cb63-4a43-a53e-9004d30cfb2b,normal,情報公開請求個人情報漏えい調査特別委員会の経費に関する決議について,令和8年（第2回）3月定例会に議員提出から提出され、原案可決となりました。（議決日: 2026-03-18）,"## 議案情報

- **議案番号**: 議員提出議案第55号
- **件名**: 情報公開請求個人情報漏えい調査特別委員会の経費に関する決議について
- **提出者**: 議員提出
- **会期**: 令和8年（第2回）3月定例会（2026-02-19〜2026-03-18）
- **議決結果**: 原案可決
- **議決日**: 2026-03-18

## 出典

- [田川市議会「令和8年（第2回）3月定例会の提出議案と議決結果」](https://www.joho.tagawa.fukuoka.jp/kiji00311615/index.html)（福岡県田川市公式サイト）

※ この内容は田川市議会事務局が公開する情報を基に事実のみを転記したものです。分かりやすい解説文のAIによる生成は行っていません。",2026-03-18T00:00:00.000Z,2026-03-18T00:00:00.000Z
6a4bbdcd-1ae0-4e7c-96ae-df2754ef43fa,fc4ad844-896c-498d-85cf-e23ad59bf1ee,normal,指名競争入札建設工事発注調査特別委員会の経費に関する決議について,令和8年（第2回）3月定例会に議員提出から提出され、原案可決となりました。（議決日: 2026-03-18）,"## 議案情報

- **議案番号**: 議員提出議案第56号
- **件名**: 指名競争入札建設工事発注調査特別委員会の経費に関する決議について
- **提出者**: 議員提出
- **会期**: 令和8年（第2回）3月定例会（2026-02-19〜2026-03-18）
- **議決結果**: 原案可決
- **議決日**: 2026-03-18

## 出典

- [田川市議会「令和8年（第2回）3月定例会の提出議案と議決結果」](https://www.joho.tagawa.fukuoka.jp/kiji00311615/index.html)（福岡県田川市公式サイト）

※ この内容は田川市議会事務局が公開する情報を基に事実のみを転記したものです。分かりやすい解説文のAIによる生成は行っていません。",2026-03-18T00:00:00.000Z,2026-03-18T00:00:00.000Z
efd16e48-3a00-4f8d-89e7-d6ccf5f092c0,f07c2134-5e1d-4ef6-8c1a-5c35385bd95b,normal,市長専決処分の報告並びに承認を求めることについて［専決第4号　田川市市税条例の一部改正について］,令和8年（第3回）5月臨時会に市長提出から提出され、承認となりました。（議決日: 2026-05-29）,"## 議案情報

- **議案番号**: 報告第2号
- **件名**: 市長専決処分の報告並びに承認を求めることについて［専決第4号　田川市市税条例の一部改正について］
- **提出者**: 市長提出
- **会期**: 令和8年（第3回）5月臨時会（2026-05-29〜2026-05-29）
- **議決結果**: 承認
- **議決日**: 2026-05-29

## 出典

- [田川市議会「令和8年（第3回）5月臨時会の提出議案と議決結果」](https://www.joho.tagawa.fukuoka.jp/kiji00311747/index.html)（福岡県田川市公式サイト）

※ この内容は田川市議会事務局が公開する情報を基に事実のみを転記したものです。分かりやすい解説文のAIによる生成は行っていません。",2026-05-29T00:00:00.000Z,2026-05-29T00:00:00.000Z
91695ce2-f5ae-48f7-8210-531a866d2731,8d849848-08ad-47e7-949d-66b669fba8f7,normal,市長専決処分の報告並びに承認を求めることについて［専決第5号　田川市国民健康保険税条例の一部改正について］,令和8年（第3回）5月臨時会に市長提出から提出され、承認となりました。（議決日: 2026-05-29）,"## 議案情報

- **議案番号**: 報告第3号
- **件名**: 市長専決処分の報告並びに承認を求めることについて［専決第5号　田川市国民健康保険税条例の一部改正について］
- **提出者**: 市長提出
- **会期**: 令和8年（第3回）5月臨時会（2026-05-29〜2026-05-29）
- **議決結果**: 承認
- **議決日**: 2026-05-29

## 出典

- [田川市議会「令和8年（第3回）5月臨時会の提出議案と議決結果」](https://www.joho.tagawa.fukuoka.jp/kiji00311747/index.html)（福岡県田川市公式サイト）

※ この内容は田川市議会事務局が公開する情報を基に事実のみを転記したものです。分かりやすい解説文のAIによる生成は行っていません。",2026-05-29T00:00:00.000Z,2026-05-29T00:00:00.000Z
f209c5f0-472b-4877-9df5-2ded37ae2e6b,3c34d1b0-b7c7-47f8-8f3b-43c00eef8e0a,normal,市長専決処分の報告並びに承認を求めることについて［専決第6号　令和8年度田川市一般会計補正予算］,令和8年（第3回）5月臨時会に市長提出から提出され、承認となりました。（議決日: 2026-05-29）,"## 議案情報

- **議案番号**: 報告第4号
- **件名**: 市長専決処分の報告並びに承認を求めることについて［専決第6号　令和8年度田川市一般会計補正予算］
- **提出者**: 市長提出
- **会期**: 令和8年（第3回）5月臨時会（2026-05-29〜2026-05-29）
- **議決結果**: 承認
- **議決日**: 2026-05-29

## 出典

- [田川市議会「令和8年（第3回）5月臨時会の提出議案と議決結果」](https://www.joho.tagawa.fukuoka.jp/kiji00311747/index.html)（福岡県田川市公式サイト）

※ この内容は田川市議会事務局が公開する情報を基に事実のみを転記したものです。分かりやすい解説文のAIによる生成は行っていません。",2026-05-29T00:00:00.000Z,2026-05-29T00:00:00.000Z
64a209fd-0046-4f2b-8090-582778593a2b,00575671-4d39-4542-afd4-171cf644fac5,normal,市長の退職の期日に関する同意について,令和8年（第3回）5月臨時会に市長提出から提出され、同意となりました。（議決日: 2026-05-29）,"## 議案情報

- **議案番号**: （番号なし）
- **件名**: 市長の退職の期日に関する同意について
- **提出者**: 市長提出
- **会期**: 令和8年（第3回）5月臨時会（2026-05-29〜2026-05-29）
- **議決結果**: 同意
- **議決日**: 2026-05-29

## 出典

- [田川市議会「令和8年（第3回）5月臨時会の提出議案と議決結果」](https://www.joho.tagawa.fukuoka.jp/kiji00311747/index.html)（福岡県田川市公式サイト）

※ この内容は田川市議会事務局が公開する情報を基に事実のみを転記したものです。分かりやすい解説文のAIによる生成は行っていません。",2026-05-29T00:00:00.000Z,2026-05-29T00:00:00.000Z
c6dfa30b-7996-457c-8035-3549fc49be77,fc715017-4296-4f39-a237-db89b1723bf6,normal,令和8年度田川市一般会計補正予算【追加】,令和8年（第4回）6月定例会に市長提出から提出され、原案可決となりました。（議決日: 2026-06-12）,"## 議案情報

- **議案番号**: 議案第28号
- **件名**: 令和8年度田川市一般会計補正予算【追加】
- **提出者**: 市長提出
- **会期**: 令和8年（第4回）6月定例会（2026-06-12〜2026-07-01）
- **議決結果**: 原案可決
- **議決日**: 2026-06-12

## 出典

- [田川市議会「令和8年（第4回）6月定例会の提出議案と議決結果」](https://www.joho.tagawa.fukuoka.jp/kiji00311782/index.html)（福岡県田川市公式サイト）

※ この内容は田川市議会事務局が公開する情報を基に事実のみを転記したものです。分かりやすい解説文のAIによる生成は行っていません。",2026-06-12T00:00:00.000Z,2026-06-12T00:00:00.000Z
7adf1b4b-9d07-45d5-a777-da8969b41fc4,f50f0b60-504d-443d-bc53-2240f6ccc67a,normal,令和8年度田川市一般会計補正予算,令和8年（第4回）6月定例会に市長提出から提出され、原案可決となりました。（議決日: 2026-07-01）,"## 議案情報

- **議案番号**: 議案第27号
- **件名**: 令和8年度田川市一般会計補正予算
- **提出者**: 市長提出
- **会期**: 令和8年（第4回）6月定例会（2026-06-12〜2026-07-01）
- **議決結果**: 原案可決
- **議決日**: 2026-07-01

## 出典

- [田川市議会「令和8年（第4回）6月定例会の提出議案と議決結果」](https://www.joho.tagawa.fukuoka.jp/kiji00311782/index.html)（福岡県田川市公式サイト）

※ この内容は田川市議会事務局が公開する情報を基に事実のみを転記したものです。分かりやすい解説文のAIによる生成は行っていません。",2026-07-01T00:00:00.000Z,2026-07-01T00:00:00.000Z
d58efa6f-e642-4688-9376-70ccc04a3868,218354d0-86a2-49cf-a9e9-9b11656236c3,normal,田川市行政手続条例の一部改正について,令和8年（第4回）6月定例会に市長提出から提出され、原案可決となりました。（議決日: 2026-07-01）,"## 議案情報

- **議案番号**: 議案第29号
- **件名**: 田川市行政手続条例の一部改正について
- **提出者**: 市長提出
- **会期**: 令和8年（第4回）6月定例会（2026-06-12〜2026-07-01）
- **議決結果**: 原案可決
- **議決日**: 2026-07-01

## 出典

- [田川市議会「令和8年（第4回）6月定例会の提出議案と議決結果」](https://www.joho.tagawa.fukuoka.jp/kiji00311782/index.html)（福岡県田川市公式サイト）

※ この内容は田川市議会事務局が公開する情報を基に事実のみを転記したものです。分かりやすい解説文のAIによる生成は行っていません。",2026-07-01T00:00:00.000Z,2026-07-01T00:00:00.000Z
fb3a855f-a080-4a09-aa97-f5873cedd1d4,266a9c76-2d83-4acb-8bc3-42ff4b6ef333,normal,田川市市税条例の一部改正について,令和8年（第4回）6月定例会に市長提出から提出され、原案可決となりました。（議決日: 2026-07-01）,"## 議案情報

- **議案番号**: 議案第30号
- **件名**: 田川市市税条例の一部改正について
- **提出者**: 市長提出
- **会期**: 令和8年（第4回）6月定例会（2026-06-12〜2026-07-01）
- **議決結果**: 原案可決
- **議決日**: 2026-07-01

## 出典

- [田川市議会「令和8年（第4回）6月定例会の提出議案と議決結果」](https://www.joho.tagawa.fukuoka.jp/kiji00311782/index.html)（福岡県田川市公式サイト）

※ この内容は田川市議会事務局が公開する情報を基に事実のみを転記したものです。分かりやすい解説文のAIによる生成は行っていません。",2026-07-01T00:00:00.000Z,2026-07-01T00:00:00.000Z
51c03c2f-f358-478d-aaab-8a6ecd5a71dd,0513684d-7298-4643-a998-9f09feb1f8d3,normal,工事請負契約の変更について（向陽台団地橋梁上部工工事）,令和8年（第4回）6月定例会に市長提出から提出され、原案可決となりました。（議決日: 2026-07-01）,"## 議案情報

- **議案番号**: 議案第31号
- **件名**: 工事請負契約の変更について（向陽台団地橋梁上部工工事）
- **提出者**: 市長提出
- **会期**: 令和8年（第4回）6月定例会（2026-06-12〜2026-07-01）
- **議決結果**: 原案可決
- **議決日**: 2026-07-01

## 出典

- [田川市議会「令和8年（第4回）6月定例会の提出議案と議決結果」](https://www.joho.tagawa.fukuoka.jp/kiji00311782/index.html)（福岡県田川市公式サイト）

※ この内容は田川市議会事務局が公開する情報を基に事実のみを転記したものです。分かりやすい解説文のAIによる生成は行っていません。",2026-07-01T00:00:00.000Z,2026-07-01T00:00:00.000Z
ccc8cf06-ff27-4bf1-a216-9c99f0284f8a,ec4b0824-9b69-4759-815e-7f19b9ca741f,normal,市道路線の認定について（大浦団地8号線）,令和8年（第4回）6月定例会に市長提出から提出され、原案可決となりました。（議決日: 2026-07-01）,"## 議案情報

- **議案番号**: 議案第32号
- **件名**: 市道路線の認定について（大浦団地8号線）
- **提出者**: 市長提出
- **会期**: 令和8年（第4回）6月定例会（2026-06-12〜2026-07-01）
- **議決結果**: 原案可決
- **議決日**: 2026-07-01

## 出典

- [田川市議会「令和8年（第4回）6月定例会の提出議案と議決結果」](https://www.joho.tagawa.fukuoka.jp/kiji00311782/index.html)（福岡県田川市公式サイト）

※ この内容は田川市議会事務局が公開する情報を基に事実のみを転記したものです。分かりやすい解説文のAIによる生成は行っていません。",2026-07-01T00:00:00.000Z,2026-07-01T00:00:00.000Z
091baf47-7566-4359-8b2f-09e0eacbaa9c,f4da285b-6fd4-4bd0-987f-7b3c6870e7e5,normal,公平委員会委員の選任について（森脇敦史氏）,令和8年（第4回）6月定例会に市長提出から提出され、同意となりました。（議決日: 2026-07-01）,"## 議案情報

- **議案番号**: 議案第33号
- **件名**: 公平委員会委員の選任について（森脇敦史氏）
- **提出者**: 市長提出
- **会期**: 令和8年（第4回）6月定例会（2026-06-12〜2026-07-01）
- **議決結果**: 同意
- **議決日**: 2026-07-01

## 出典

- [田川市議会「令和8年（第4回）6月定例会の提出議案と議決結果」](https://www.joho.tagawa.fukuoka.jp/kiji00311782/index.html)（福岡県田川市公式サイト）

※ この内容は田川市議会事務局が公開する情報を基に事実のみを転記したものです。分かりやすい解説文のAIによる生成は行っていません。",2026-07-01T00:00:00.000Z,2026-07-01T00:00:00.000Z
b8e8feb6-35fd-476e-9d3a-a6512a985a66,72adaf02-c94c-485f-9a65-82723b972215,normal,農業委員会委員の任命について,令和8年（第4回）6月定例会に市長提出から提出され、同意となりました。（議決日: 2026-07-01）,"## 議案情報

- **議案番号**: 議案第34号
- **件名**: 農業委員会委員の任命について
- **提出者**: 市長提出
- **会期**: 令和8年（第4回）6月定例会（2026-06-12〜2026-07-01）
- **議決結果**: 同意
- **議決日**: 2026-07-01

## 出典

- [田川市議会「令和8年（第4回）6月定例会の提出議案と議決結果」](https://www.joho.tagawa.fukuoka.jp/kiji00311782/index.html)（福岡県田川市公式サイト）

※ この内容は田川市議会事務局が公開する情報を基に事実のみを転記したものです。分かりやすい解説文のAIによる生成は行っていません。",2026-07-01T00:00:00.000Z,2026-07-01T00:00:00.000Z
414666c0-7b93-4bda-b9e4-03b9592e6dcf,ee6ef1f4-7bfd-4f77-8094-01df306944b7,normal,農業委員会委員の任命について,令和8年（第4回）6月定例会に市長提出から提出され、同意となりました。（議決日: 2026-07-01）,"## 議案情報

- **議案番号**: 議案第35号
- **件名**: 農業委員会委員の任命について
- **提出者**: 市長提出
- **会期**: 令和8年（第4回）6月定例会（2026-06-12〜2026-07-01）
- **議決結果**: 同意
- **議決日**: 2026-07-01

## 出典

- [田川市議会「令和8年（第4回）6月定例会の提出議案と議決結果」](https://www.joho.tagawa.fukuoka.jp/kiji00311782/index.html)（福岡県田川市公式サイト）

※ この内容は田川市議会事務局が公開する情報を基に事実のみを転記したものです。分かりやすい解説文のAIによる生成は行っていません。",2026-07-01T00:00:00.000Z,2026-07-01T00:00:00.000Z
2a33b113-5cad-4ad0-b72e-d7b928d7e721,f57e79b8-6d5b-4865-8033-c2bd84e513b1,normal,農業委員会委員の任命について,令和8年（第4回）6月定例会に市長提出から提出され、同意となりました。（議決日: 2026-07-01）,"## 議案情報

- **議案番号**: 議案第36号
- **件名**: 農業委員会委員の任命について
- **提出者**: 市長提出
- **会期**: 令和8年（第4回）6月定例会（2026-06-12〜2026-07-01）
- **議決結果**: 同意
- **議決日**: 2026-07-01

## 出典

- [田川市議会「令和8年（第4回）6月定例会の提出議案と議決結果」](https://www.joho.tagawa.fukuoka.jp/kiji00311782/index.html)（福岡県田川市公式サイト）

※ この内容は田川市議会事務局が公開する情報を基に事実のみを転記したものです。分かりやすい解説文のAIによる生成は行っていません。",2026-07-01T00:00:00.000Z,2026-07-01T00:00:00.000Z
fe03252e-1f03-444a-8830-094cd938d48a,a4027c6f-980e-4c38-93d4-bac480ff760c,normal,農業委員会委員の任命について,令和8年（第4回）6月定例会に市長提出から提出され、同意となりました。（議決日: 2026-07-01）,"## 議案情報

- **議案番号**: 議案第37号
- **件名**: 農業委員会委員の任命について
- **提出者**: 市長提出
- **会期**: 令和8年（第4回）6月定例会（2026-06-12〜2026-07-01）
- **議決結果**: 同意
- **議決日**: 2026-07-01

## 出典

- [田川市議会「令和8年（第4回）6月定例会の提出議案と議決結果」](https://www.joho.tagawa.fukuoka.jp/kiji00311782/index.html)（福岡県田川市公式サイト）

※ この内容は田川市議会事務局が公開する情報を基に事実のみを転記したものです。分かりやすい解説文のAIによる生成は行っていません。",2026-07-01T00:00:00.000Z,2026-07-01T00:00:00.000Z
6d85f293-e21e-4ed8-8fd3-184e2c1f1a99,753b6290-0a45-409c-b46a-b5aa05725ff1,normal,農業委員会委員の任命について,令和8年（第4回）6月定例会に市長提出から提出され、同意となりました。（議決日: 2026-07-01）,"## 議案情報

- **議案番号**: 議案第38号
- **件名**: 農業委員会委員の任命について
- **提出者**: 市長提出
- **会期**: 令和8年（第4回）6月定例会（2026-06-12〜2026-07-01）
- **議決結果**: 同意
- **議決日**: 2026-07-01

## 出典

- [田川市議会「令和8年（第4回）6月定例会の提出議案と議決結果」](https://www.joho.tagawa.fukuoka.jp/kiji00311782/index.html)（福岡県田川市公式サイト）

※ この内容は田川市議会事務局が公開する情報を基に事実のみを転記したものです。分かりやすい解説文のAIによる生成は行っていません。",2026-07-01T00:00:00.000Z,2026-07-01T00:00:00.000Z
9276c7d9-d722-49da-be39-2f91402344f9,1d86cbcc-a3e8-46c1-84f1-59e250632629,normal,農業委員会委員の任命について,令和8年（第4回）6月定例会に市長提出から提出され、同意となりました。（議決日: 2026-07-01）,"## 議案情報

- **議案番号**: 議案第39号
- **件名**: 農業委員会委員の任命について
- **提出者**: 市長提出
- **会期**: 令和8年（第4回）6月定例会（2026-06-12〜2026-07-01）
- **議決結果**: 同意
- **議決日**: 2026-07-01

## 出典

- [田川市議会「令和8年（第4回）6月定例会の提出議案と議決結果」](https://www.joho.tagawa.fukuoka.jp/kiji00311782/index.html)（福岡県田川市公式サイト）

※ この内容は田川市議会事務局が公開する情報を基に事実のみを転記したものです。分かりやすい解説文のAIによる生成は行っていません。",2026-07-01T00:00:00.000Z,2026-07-01T00:00:00.000Z
708b0ced-124d-4708-b210-11938af25d0a,4e18ccb6-b376-419f-b9b8-49892ef93f7d,normal,農業委員会委員の任命について（原田敏春氏）,令和8年（第4回）6月定例会に市長提出から提出され、同意となりました。（議決日: 2026-07-01）,"## 議案情報

- **議案番号**: 議案第40号
- **件名**: 農業委員会委員の任命について（原田敏春氏）
- **提出者**: 市長提出
- **会期**: 令和8年（第4回）6月定例会（2026-06-12〜2026-07-01）
- **議決結果**: 同意
- **議決日**: 2026-07-01

## 出典

- [田川市議会「令和8年（第4回）6月定例会の提出議案と議決結果」](https://www.joho.tagawa.fukuoka.jp/kiji00311782/index.html)（福岡県田川市公式サイト）

※ この内容は田川市議会事務局が公開する情報を基に事実のみを転記したものです。分かりやすい解説文のAIによる生成は行っていません。",2026-07-01T00:00:00.000Z,2026-07-01T00:00:00.000Z
aff0f99d-c755-4bfe-89cc-b6ca905f4021,c0f4163d-d283-4a1b-90de-bbc000d31b3a,normal,農業委員会委員の任命について（辻繁美氏）,令和8年（第4回）6月定例会に市長提出から提出され、同意となりました。（議決日: 2026-07-01）,"## 議案情報

- **議案番号**: 議案第41号
- **件名**: 農業委員会委員の任命について（辻繁美氏）
- **提出者**: 市長提出
- **会期**: 令和8年（第4回）6月定例会（2026-06-12〜2026-07-01）
- **議決結果**: 同意
- **議決日**: 2026-07-01

## 出典

- [田川市議会「令和8年（第4回）6月定例会の提出議案と議決結果」](https://www.joho.tagawa.fukuoka.jp/kiji00311782/index.html)（福岡県田川市公式サイト）

※ この内容は田川市議会事務局が公開する情報を基に事実のみを転記したものです。分かりやすい解説文のAIによる生成は行っていません。",2026-07-01T00:00:00.000Z,2026-07-01T00:00:00.000Z
5d53afde-9c85-4100-b3df-2d0aa59fad58,9f9e4978-8607-4b8f-a8ca-23babbac5bee,normal,農業委員会委員の任命について（野中栄藏氏）,令和8年（第4回）6月定例会に市長提出から提出され、否決となりました。（議決日: 2026-07-01）,"## 議案情報

- **議案番号**: 議案第42号
- **件名**: 農業委員会委員の任命について（野中栄藏氏）
- **提出者**: 市長提出
- **会期**: 令和8年（第4回）6月定例会（2026-06-12〜2026-07-01）
- **議決結果**: 否決
- **議決日**: 2026-07-01

## 出典

- [田川市議会「令和8年（第4回）6月定例会の提出議案と議決結果」](https://www.joho.tagawa.fukuoka.jp/kiji00311782/index.html)（福岡県田川市公式サイト）

※ この内容は田川市議会事務局が公開する情報を基に事実のみを転記したものです。分かりやすい解説文のAIによる生成は行っていません。",2026-07-01T00:00:00.000Z,2026-07-01T00:00:00.000Z
2e1e534d-5a53-40cf-b8de-c91e3b2e9d9f,74a07878-146f-4860-b21b-188eafae7563,normal,農業委員会委員の任命について,令和8年（第4回）6月定例会に市長提出から提出され、同意となりました。（議決日: 2026-07-01）,"## 議案情報

- **議案番号**: 議案第43号
- **件名**: 農業委員会委員の任命について
- **提出者**: 市長提出
- **会期**: 令和8年（第4回）6月定例会（2026-06-12〜2026-07-01）
- **議決結果**: 同意
- **議決日**: 2026-07-01

## 出典

- [田川市議会「令和8年（第4回）6月定例会の提出議案と議決結果」](https://www.joho.tagawa.fukuoka.jp/kiji00311782/index.html)（福岡県田川市公式サイト）

※ この内容は田川市議会事務局が公開する情報を基に事実のみを転記したものです。分かりやすい解説文のAIによる生成は行っていません。",2026-07-01T00:00:00.000Z,2026-07-01T00:00:00.000Z
21410e24-a080-450d-b508-6fc82c60e4ca,57f15ca8-e582-4931-8922-1eba67761a49,normal,農業委員会委員の任命について,令和8年（第4回）6月定例会に市長提出から提出され、同意となりました。（議決日: 2026-07-01）,"## 議案情報

- **議案番号**: 議案第44号
- **件名**: 農業委員会委員の任命について
- **提出者**: 市長提出
- **会期**: 令和8年（第4回）6月定例会（2026-06-12〜2026-07-01）
- **議決結果**: 同意
- **議決日**: 2026-07-01

## 出典

- [田川市議会「令和8年（第4回）6月定例会の提出議案と議決結果」](https://www.joho.tagawa.fukuoka.jp/kiji00311782/index.html)（福岡県田川市公式サイト）

※ この内容は田川市議会事務局が公開する情報を基に事実のみを転記したものです。分かりやすい解説文のAIによる生成は行っていません。",2026-07-01T00:00:00.000Z,2026-07-01T00:00:00.000Z
76340032-dd82-42da-87cd-01662bda7955,524cae93-b58c-4417-9f4c-e2180a7fd7cf,normal,農業委員会委員の任命について,令和8年（第4回）6月定例会に市長提出から提出され、同意となりました。（議決日: 2026-07-01）,"## 議案情報

- **議案番号**: 議案第45号
- **件名**: 農業委員会委員の任命について
- **提出者**: 市長提出
- **会期**: 令和8年（第4回）6月定例会（2026-06-12〜2026-07-01）
- **議決結果**: 同意
- **議決日**: 2026-07-01

## 出典

- [田川市議会「令和8年（第4回）6月定例会の提出議案と議決結果」](https://www.joho.tagawa.fukuoka.jp/kiji00311782/index.html)（福岡県田川市公式サイト）

※ この内容は田川市議会事務局が公開する情報を基に事実のみを転記したものです。分かりやすい解説文のAIによる生成は行っていません。",2026-07-01T00:00:00.000Z,2026-07-01T00:00:00.000Z
95b81a3d-ac5b-43a2-8af2-32419942c61e,7d833f7d-6a3c-4e2c-95f4-1997939656e6,normal,農業委員会委員の任命について,令和8年（第4回）6月定例会に市長提出から提出され、同意となりました。（議決日: 2026-07-01）,"## 議案情報

- **議案番号**: 議案第46号
- **件名**: 農業委員会委員の任命について
- **提出者**: 市長提出
- **会期**: 令和8年（第4回）6月定例会（2026-06-12〜2026-07-01）
- **議決結果**: 同意
- **議決日**: 2026-07-01

## 出典

- [田川市議会「令和8年（第4回）6月定例会の提出議案と議決結果」](https://www.joho.tagawa.fukuoka.jp/kiji00311782/index.html)（福岡県田川市公式サイト）

※ この内容は田川市議会事務局が公開する情報を基に事実のみを転記したものです。分かりやすい解説文のAIによる生成は行っていません。",2026-07-01T00:00:00.000Z,2026-07-01T00:00:00.000Z
816dbfc5-c3a1-46d7-9ea3-5c8c02754523,2eb8177a-aefd-477a-8b2f-0a9de378fbfc,normal,農業委員会委員の任命について,令和8年（第4回）6月定例会に市長提出から提出され、同意となりました。（議決日: 2026-07-01）,"## 議案情報

- **議案番号**: 議案第47号
- **件名**: 農業委員会委員の任命について
- **提出者**: 市長提出
- **会期**: 令和8年（第4回）6月定例会（2026-06-12〜2026-07-01）
- **議決結果**: 同意
- **議決日**: 2026-07-01

## 出典

- [田川市議会「令和8年（第4回）6月定例会の提出議案と議決結果」](https://www.joho.tagawa.fukuoka.jp/kiji00311782/index.html)（福岡県田川市公式サイト）

※ この内容は田川市議会事務局が公開する情報を基に事実のみを転記したものです。分かりやすい解説文のAIによる生成は行っていません。",2026-07-01T00:00:00.000Z,2026-07-01T00:00:00.000Z
b742d0af-5e20-4830-ba6e-810c99b648a6,8338d725-9bef-484a-a12f-f64e498e5435,normal,2027年度政府予算編成に係る教職員定数改善を求める意見書,令和8年（第4回）6月定例会に議員提出から提出され、原案可決となりました。（議決日: 2026-07-01）,"## 議案情報

- **議案番号**: 議員提出議案第57号
- **件名**: 2027年度政府予算編成に係る教職員定数改善を求める意見書
- **提出者**: 議員提出
- **会期**: 令和8年（第4回）6月定例会（2026-06-12〜2026-07-01）
- **議決結果**: 原案可決
- **議決日**: 2026-07-01

## 出典

- [田川市議会「令和8年（第4回）6月定例会の提出議案と議決結果」](https://www.joho.tagawa.fukuoka.jp/kiji00311782/index.html)（福岡県田川市公式サイト）

※ この内容は田川市議会事務局が公開する情報を基に事実のみを転記したものです。分かりやすい解説文のAIによる生成は行っていません。",2026-07-01T00:00:00.000Z,2026-07-01T00:00:00.000Z
f611f4ac-9ee4-471c-a58f-3e95cd589fac,2ed9a1ab-2b37-472b-8f4a-b9abf34b42e8,normal,地方財政の充実・強化を求める意見書,令和8年（第4回）6月定例会に議員提出から提出され、原案可決となりました。（議決日: 2026-07-01）,"## 議案情報

- **議案番号**: 議員提出議案第58号
- **件名**: 地方財政の充実・強化を求める意見書
- **提出者**: 議員提出
- **会期**: 令和8年（第4回）6月定例会（2026-06-12〜2026-07-01）
- **議決結果**: 原案可決
- **議決日**: 2026-07-01

## 出典

- [田川市議会「令和8年（第4回）6月定例会の提出議案と議決結果」](https://www.joho.tagawa.fukuoka.jp/kiji00311782/index.html)（福岡県田川市公式サイト）

※ この内容は田川市議会事務局が公開する情報を基に事実のみを転記したものです。分かりやすい解説文のAIによる生成は行っていません。",2026-07-01T00:00:00.000Z,2026-07-01T00:00:00.000Z
f152dba2-197f-42e5-9591-216b6d007dc0,0c157f1d-47b6-4d21-bc6c-8fd1c5c888d9,normal,陸田孝則議員の公職選挙法違反疑惑に関する検証等特別委員会の審査結果報告について,令和8年（第4回）6月定例会に委員会提出から提出され、可決となりました。（議決日: 2026-07-01）,"## 議案情報

- **議案番号**: （番号なし）
- **件名**: 陸田孝則議員の公職選挙法違反疑惑に関する検証等特別委員会の審査結果報告について
- **提出者**: 委員会提出
- **会期**: 令和8年（第4回）6月定例会（2026-06-12〜2026-07-01）
- **議決結果**: 可決
- **議決日**: 2026-07-01

## 出典

- [田川市議会「令和8年（第4回）6月定例会の提出議案と議決結果」](https://www.joho.tagawa.fukuoka.jp/kiji00311782/index.html)（福岡県田川市公式サイト）

※ この内容は田川市議会事務局が公開する情報を基に事実のみを転記したものです。分かりやすい解説文のAIによる生成は行っていません。",2026-07-01T00:00:00.000Z,2026-07-01T00:00:00.000Z
