id,name,originating_house,status,status_note,submitted_date,created_at,updated_at,thumbnail_url,publish_status,is_featured,share_thumbnail_url,shugiin_url,diet_session_id,knowledge_source,use_knowledge_source_in_chat
0a2ab65c-84ec-4bbc-be69-3a5349966de7,報告第6号　市長専決処分の報告並びに承認を求めることについて［専決第10号　令和7年度田川市一般会計補正予算］,HR,enacted,承認,2025-07-24,2025-07-24T00:00:00.000Z,2025-07-24T00:00:00.000Z,,published,false,,https://www.joho.tagawa.fukuoka.jp/kiji00311181/index.html,07fd3c4e-df18-4d8d-b97f-1aa151943afd,,false
04cbfa96-ea80-4431-8531-d9d3be3b672e,報告第7号　市長専決処分の報告並びに承認を求めることについて［専決第11号　令和7年度田川市一般会計補正予算【追加】］,HR,enacted,承認,2025-07-24,2025-07-24T00:00:00.000Z,2025-07-24T00:00:00.000Z,,published,false,,https://www.joho.tagawa.fukuoka.jp/kiji00311181/index.html,07fd3c4e-df18-4d8d-b97f-1aa151943afd,,false
d3d09ac9-451b-43d5-a204-fcc82cd58a1d,報告第8号　市長専決処分の報告並びに承認を求めることについて［専決第12号　田川市病院事業の設置等に関する条例の一部改正について］,HR,enacted,承認,2025-07-24,2025-07-24T00:00:00.000Z,2025-07-24T00:00:00.000Z,,published,false,,https://www.joho.tagawa.fukuoka.jp/kiji00311181/index.html,07fd3c4e-df18-4d8d-b97f-1aa151943afd,,false
f2fabdff-6a10-45de-bdef-9c9e836fbe90,報告第9号　市長専決処分の報告並びに承認を求めることについて［専決第13号　財産の処分について］,HR,enacted,承認,2025-07-24,2025-07-24T00:00:00.000Z,2025-07-24T00:00:00.000Z,,published,false,,https://www.joho.tagawa.fukuoka.jp/kiji00311181/index.html,07fd3c4e-df18-4d8d-b97f-1aa151943afd,,false
a38d9652-75bb-4444-8bc5-f04fd5ee2562,報告第10号　市長専決処分の報告並びに承認を求めることについて［専決第14号　市道路線の認定について］,HR,enacted,承認,2025-07-24,2025-07-24T00:00:00.000Z,2025-07-24T00:00:00.000Z,,published,false,,https://www.joho.tagawa.fukuoka.jp/kiji00311181/index.html,07fd3c4e-df18-4d8d-b97f-1aa151943afd,,false
fe755aec-a233-4937-9a4a-c2ff2d8ee442,報告第11号　市長専決処分の報告並びに承認を求めることについて［専決第15号　財産の取得について］,HR,enacted,承認,2025-07-24,2025-07-24T00:00:00.000Z,2025-07-24T00:00:00.000Z,,published,false,,https://www.joho.tagawa.fukuoka.jp/kiji00311181/index.html,07fd3c4e-df18-4d8d-b97f-1aa151943afd,,false
b7829a3b-e4e0-47be-b22c-06ca9677981f,議案第36号　令和7年度田川市一般会計補正予算,HR,enacted,原案可決,2025-07-24,2025-07-24T00:00:00.000Z,2025-07-24T00:00:00.000Z,,published,false,,https://www.joho.tagawa.fukuoka.jp/kiji00311181/index.html,07fd3c4e-df18-4d8d-b97f-1aa151943afd,,false
2ac24a74-af8e-49a1-b725-9f132bd4ad9c,議案第37号　田川市長の不適切とされる行為に関する第三者調査委員会設置条例の制定について,HR,enacted,原案可決,2025-07-24,2025-07-24T00:00:00.000Z,2025-07-24T00:00:00.000Z,,published,true,,https://www.joho.tagawa.fukuoka.jp/kiji00311181/index.html,07fd3c4e-df18-4d8d-b97f-1aa151943afd,,false
4a6cd5d3-e5f4-424a-9364-7b36e7ea2f86,議案第38号　損害賠償請求事件に係る和解について,HR,enacted,原案可決,2025-07-24,2025-07-24T00:00:00.000Z,2025-07-24T00:00:00.000Z,,published,false,,https://www.joho.tagawa.fukuoka.jp/kiji00311181/index.html,07fd3c4e-df18-4d8d-b97f-1aa151943afd,,false
ae320cd5-0185-4ea9-b0f8-5c848c128d13,議員提出議案第43号　田川市議会議長不信任決議について,HR,enacted,原案可決,2025-07-24,2025-07-24T00:00:00.000Z,2025-07-24T00:00:00.000Z,,published,false,,https://www.joho.tagawa.fukuoka.jp/kiji00311181/index.html,07fd3c4e-df18-4d8d-b97f-1aa151943afd,,false
8078a8d9-4901-4a8f-b0b8-db6448f60b26,報告第12号　市長専決処分の報告並びに承認を求めることについて［専決第16号］,HR,enacted,承認,2025-09-05,2025-09-05T00:00:00.000Z,2025-09-05T00:00:00.000Z,,published,false,,https://www.joho.tagawa.fukuoka.jp/kiji00311415/index.html,8ebcb3d9-0f55-480b-bc0b-cbf25f1961a2,,false
1a796bfa-ca54-4c94-9d11-baf7348c0733,議案第53号　令和7年度田川市一般会計補正予算（追加）,HR,enacted,原案可決,2025-09-05,2025-09-05T00:00:00.000Z,2025-09-05T00:00:00.000Z,,published,false,,https://www.joho.tagawa.fukuoka.jp/kiji00311415/index.html,8ebcb3d9-0f55-480b-bc0b-cbf25f1961a2,,false
d9660935-616f-462a-aaa7-32e17c1a0b67,議案第39号　令和7年度田川市一般会計補正予算,HR,enacted,原案可決,2025-09-26,2025-09-26T00:00:00.000Z,2025-09-26T00:00:00.000Z,,published,false,,https://www.joho.tagawa.fukuoka.jp/kiji00311415/index.html,8ebcb3d9-0f55-480b-bc0b-cbf25f1961a2,,false
a7aa729c-03d2-4595-a5d6-544ab6581c3d,議案第40号　令和7年度田川市国民健康保険特別会計補正予算,HR,enacted,原案可決,2025-09-26,2025-09-26T00:00:00.000Z,2025-09-26T00:00:00.000Z,,published,false,,https://www.joho.tagawa.fukuoka.jp/kiji00311415/index.html,8ebcb3d9-0f55-480b-bc0b-cbf25f1961a2,,false
d24f7359-1145-4f33-802e-2bf9ff7b4512,議案第41号　令和7年度田川市後期高齢者医療特別会計補正予算,HR,enacted,原案可決,2025-09-26,2025-09-26T00:00:00.000Z,2025-09-26T00:00:00.000Z,,published,false,,https://www.joho.tagawa.fukuoka.jp/kiji00311415/index.html,8ebcb3d9-0f55-480b-bc0b-cbf25f1961a2,,false
47d8ac9d-b731-4d76-8ee5-3f7b903d4d3d,議案第42号　令和7年度田川市急患医療特別会計補正予算,HR,enacted,原案可決,2025-09-26,2025-09-26T00:00:00.000Z,2025-09-26T00:00:00.000Z,,published,false,,https://www.joho.tagawa.fukuoka.jp/kiji00311415/index.html,8ebcb3d9-0f55-480b-bc0b-cbf25f1961a2,,false
659e6b6f-f7a3-4478-b19a-66a1d02c4d93,議案第43号　田川市職員の育児休業等に関する条例及び勤務時間条例の一部改正について,HR,enacted,原案可決,2025-09-26,2025-09-26T00:00:00.000Z,2025-09-26T00:00:00.000Z,,published,false,,https://www.joho.tagawa.fukuoka.jp/kiji00311415/index.html,8ebcb3d9-0f55-480b-bc0b-cbf25f1961a2,,false
ada81052-ca12-4514-9726-c1c7cebd8045,議案第44号　田川市個人番号の利用に関する条例の一部改正について,HR,enacted,原案可決,2025-09-26,2025-09-26T00:00:00.000Z,2025-09-26T00:00:00.000Z,,published,false,,https://www.joho.tagawa.fukuoka.jp/kiji00311415/index.html,8ebcb3d9-0f55-480b-bc0b-cbf25f1961a2,,false
0e23d8b0-c8ca-4d2d-a5dc-cfc58ef4bd0a,議案第45号　田川市市税条例の一部改正について,HR,enacted,原案可決,2025-09-26,2025-09-26T00:00:00.000Z,2025-09-26T00:00:00.000Z,,published,false,,https://www.joho.tagawa.fukuoka.jp/kiji00311415/index.html,8ebcb3d9-0f55-480b-bc0b-cbf25f1961a2,,false
ea4af18f-8c5c-440e-9a99-420699d1ea0c,議案第46号　田川市防災会議条例の一部改正について,HR,enacted,原案可決,2025-09-26,2025-09-26T00:00:00.000Z,2025-09-26T00:00:00.000Z,,published,false,,https://www.joho.tagawa.fukuoka.jp/kiji00311415/index.html,8ebcb3d9-0f55-480b-bc0b-cbf25f1961a2,,false
4ef9d832-9dfb-4dfb-9a0f-9322e76eb7de,議案第47号　田川市放課後児童健全育成事業の設備及び運営に関する基準を定める条例の一部改正について,HR,enacted,原案可決,2025-09-26,2025-09-26T00:00:00.000Z,2025-09-26T00:00:00.000Z,,published,false,,https://www.joho.tagawa.fukuoka.jp/kiji00311415/index.html,8ebcb3d9-0f55-480b-bc0b-cbf25f1961a2,,false
af5bfda9-153c-4e9c-bd02-84f70f545bc4,議案第48号　転貸債による借入金貸付契約の締結について,HR,enacted,原案可決,2025-09-26,2025-09-26T00:00:00.000Z,2025-09-26T00:00:00.000Z,,published,false,,https://www.joho.tagawa.fukuoka.jp/kiji00311415/index.html,8ebcb3d9-0f55-480b-bc0b-cbf25f1961a2,,false
df8b5daa-b4fc-4e30-ac8e-4d2346eba7bd,議案第49号　製造請負契約の締結について,HR,enacted,原案可決,2025-09-26,2025-09-26T00:00:00.000Z,2025-09-26T00:00:00.000Z,,published,false,,https://www.joho.tagawa.fukuoka.jp/kiji00311415/index.html,8ebcb3d9-0f55-480b-bc0b-cbf25f1961a2,,false
f9d1d4e5-fdfe-46a3-a9a6-1d8c9a765751,議案第50号　固定資産評価審査委員会委員の選任について,HR,enacted,同意,2025-09-26,2025-09-26T00:00:00.000Z,2025-09-26T00:00:00.000Z,,published,false,,https://www.joho.tagawa.fukuoka.jp/kiji00311415/index.html,8ebcb3d9-0f55-480b-bc0b-cbf25f1961a2,,false
ede36bc2-bf04-4528-bec7-fcafe221e179,議案第51号　教育委員会委員の任命について,HR,enacted,同意,2025-09-26,2025-09-26T00:00:00.000Z,2025-09-26T00:00:00.000Z,,published,false,,https://www.joho.tagawa.fukuoka.jp/kiji00311415/index.html,8ebcb3d9-0f55-480b-bc0b-cbf25f1961a2,,false
721d26e0-c257-4fd4-a86f-5ca82e10b1f2,議案第52号　公平委員会委員の選任について,HR,enacted,同意,2025-09-26,2025-09-26T00:00:00.000Z,2025-09-26T00:00:00.000Z,,published,false,,https://www.joho.tagawa.fukuoka.jp/kiji00311415/index.html,8ebcb3d9-0f55-480b-bc0b-cbf25f1961a2,,false
b3223238-210f-4779-8fe8-09d298bbc40a,議案第54号　令和7年度田川市一般会計補正予算（追加その2）,HR,enacted,原案可決,2025-09-26,2025-09-26T00:00:00.000Z,2025-09-26T00:00:00.000Z,,published,false,,https://www.joho.tagawa.fukuoka.jp/kiji00311415/index.html,8ebcb3d9-0f55-480b-bc0b-cbf25f1961a2,,false
fef11ff4-a31f-493c-97f0-73650ee8639b,議案第55号　和解及び損害賠償額の決定について,HR,enacted,原案可決,2025-09-26,2025-09-26T00:00:00.000Z,2025-09-26T00:00:00.000Z,,published,false,,https://www.joho.tagawa.fukuoka.jp/kiji00311415/index.html,8ebcb3d9-0f55-480b-bc0b-cbf25f1961a2,,false
58ac431d-219f-4107-9e66-586461096bdb,諮問第1号　人権擁護委員候補者の推薦について,HR,enacted,同意,2025-09-26,2025-09-26T00:00:00.000Z,2025-09-26T00:00:00.000Z,,published,false,,https://www.joho.tagawa.fukuoka.jp/kiji00311415/index.html,8ebcb3d9-0f55-480b-bc0b-cbf25f1961a2,,false
d7f1dcb4-ad3d-4a60-96bd-b47bbfb8873f,認定第1号　令和6年度田川市一般会計歳入歳出決算の認定について,HR,rejected,不認定,2025-10-08,2025-10-08T00:00:00.000Z,2025-10-08T00:00:00.000Z,,published,true,,https://www.joho.tagawa.fukuoka.jp/kiji00311415/index.html,8ebcb3d9-0f55-480b-bc0b-cbf25f1961a2,,false
55744dd6-acf4-4c57-a95e-bc1c5c76e608,認定第2号　令和6年度田川市国民健康保険特別会計歳入歳出決算の認定について,HR,enacted,認定,2025-10-08,2025-10-08T00:00:00.000Z,2025-10-08T00:00:00.000Z,,published,false,,https://www.joho.tagawa.fukuoka.jp/kiji00311415/index.html,8ebcb3d9-0f55-480b-bc0b-cbf25f1961a2,,false
190efb8a-e1c8-4045-bada-726f74d3c701,認定第3号　令和6年度田川市後期高齢者医療特別会計歳入歳出決算の認定について,HR,enacted,認定,2025-10-08,2025-10-08T00:00:00.000Z,2025-10-08T00:00:00.000Z,,published,false,,https://www.joho.tagawa.fukuoka.jp/kiji00311415/index.html,8ebcb3d9-0f55-480b-bc0b-cbf25f1961a2,,false
b3bce35d-a896-4e86-95fc-d5e1774dda36,認定第4号　令和6年度田川市急患医療特別会計歳入歳出決算の認定について,HR,enacted,認定,2025-10-08,2025-10-08T00:00:00.000Z,2025-10-08T00:00:00.000Z,,published,false,,https://www.joho.tagawa.fukuoka.jp/kiji00311415/index.html,8ebcb3d9-0f55-480b-bc0b-cbf25f1961a2,,false
b0350b16-b6af-4e7c-85f4-46843edee26f,認定第5号　令和6年度田川市三線沿線地域交通体系整備事業基金特別会計歳入歳出決算の認定について,HR,enacted,認定,2025-10-08,2025-10-08T00:00:00.000Z,2025-10-08T00:00:00.000Z,,published,false,,https://www.joho.tagawa.fukuoka.jp/kiji00311415/index.html,8ebcb3d9-0f55-480b-bc0b-cbf25f1961a2,,false
31006ea2-4cef-49ca-8d58-aea4fcecca82,認定第6号　令和6年度田川市病院事業会計決算の認定について,HR,enacted,認定,2025-10-08,2025-10-08T00:00:00.000Z,2025-10-08T00:00:00.000Z,,published,false,,https://www.joho.tagawa.fukuoka.jp/kiji00311415/index.html,8ebcb3d9-0f55-480b-bc0b-cbf25f1961a2,,false
5b7fd631-42e5-48f0-94ff-ec9a1f2d50db,議員提出議案第44号　田川市議会議長不信任決議について,HR,enacted,原案可決,2025-09-05,2025-09-05T00:00:00.000Z,2025-09-05T00:00:00.000Z,,published,false,,https://www.joho.tagawa.fukuoka.jp/kiji00311415/index.html,8ebcb3d9-0f55-480b-bc0b-cbf25f1961a2,,false
458b344b-9248-49ba-983a-56ab0b352c93,議員提出議案第45号　情報公開請求に係る個人情報漏えい調査決議について,HR,enacted,原案可決,2025-09-11,2025-09-11T00:00:00.000Z,2025-09-11T00:00:00.000Z,,published,false,,https://www.joho.tagawa.fukuoka.jp/kiji00311415/index.html,8ebcb3d9-0f55-480b-bc0b-cbf25f1961a2,,false
bdcb0c45-47d9-4fc5-b7e6-1c75382d81d1,議員提出議案第46号　指名競争入札による建設工事発注に関する調査決議について,HR,enacted,原案可決,2025-09-26,2025-09-26T00:00:00.000Z,2025-09-26T00:00:00.000Z,,published,false,,https://www.joho.tagawa.fukuoka.jp/kiji00311415/index.html,8ebcb3d9-0f55-480b-bc0b-cbf25f1961a2,,false
05ff91e0-3252-4056-bb5c-c5969e15e1a9,議員提出議案第47号　子どもの学びと学校における働き方改革の推進を求める意見書,HR,enacted,原案可決,2025-10-08,2025-10-08T00:00:00.000Z,2025-10-08T00:00:00.000Z,,published,false,,https://www.joho.tagawa.fukuoka.jp/kiji00311415/index.html,8ebcb3d9-0f55-480b-bc0b-cbf25f1961a2,,false
d362e334-730e-4821-b778-a646d369257d,議員提出議案第48号　地方財政の充実・強化を求める意見書,HR,enacted,原案可決,2025-10-08,2025-10-08T00:00:00.000Z,2025-10-08T00:00:00.000Z,,published,false,,https://www.joho.tagawa.fukuoka.jp/kiji00311415/index.html,8ebcb3d9-0f55-480b-bc0b-cbf25f1961a2,,false
58d98710-3e8b-4a5b-96bc-f59ffb64b479,議員提出議案第49号　国民健康保険国庫負担の増額を求める意見書,HR,enacted,原案可決,2025-10-08,2025-10-08T00:00:00.000Z,2025-10-08T00:00:00.000Z,,published,false,,https://www.joho.tagawa.fukuoka.jp/kiji00311415/index.html,8ebcb3d9-0f55-480b-bc0b-cbf25f1961a2,,false
d38a5237-aba4-4a75-b16f-3c736c191b78,議員提出議案第50号　訪問介護の報酬改定を求める意見書,HR,enacted,原案可決,2025-10-08,2025-10-08T00:00:00.000Z,2025-10-08T00:00:00.000Z,,published,false,,https://www.joho.tagawa.fukuoka.jp/kiji00311415/index.html,8ebcb3d9-0f55-480b-bc0b-cbf25f1961a2,,false
993d5bb2-8287-42b1-ab8d-d75933bde797,議員提出議案第51号　民生委員・児童委員の確保を求める意見書,HR,enacted,原案可決,2025-10-08,2025-10-08T00:00:00.000Z,2025-10-08T00:00:00.000Z,,published,false,,https://www.joho.tagawa.fukuoka.jp/kiji00311415/index.html,8ebcb3d9-0f55-480b-bc0b-cbf25f1961a2,,false
9ab5c136-5ccb-406d-b3e5-a157b5224bc9,委員会提出議案第4号　持続可能な病院経営の確保を求める意見書,HR,enacted,原案可決,2025-10-08,2025-10-08T00:00:00.000Z,2025-10-08T00:00:00.000Z,,published,false,,https://www.joho.tagawa.fukuoka.jp/kiji00311415/index.html,8ebcb3d9-0f55-480b-bc0b-cbf25f1961a2,,false
4a425b7b-9dee-4e28-9983-44eb3e2a8dc5,議案第56号　令和7年度田川市一般会計補正予算,HR,enacted,原案可決,2025-12-18,2025-12-18T00:00:00.000Z,2025-12-18T00:00:00.000Z,,published,false,,https://www.joho.tagawa.fukuoka.jp/kiji00311472/index.html,f790820f-47b3-4742-aed8-cbb51e11ce46,,false
9e819019-5c1b-48cf-b02e-f5cd2db93f42,議案第57号　令和7年度田川市国民健康保険特別会計補正予算,HR,enacted,原案可決,2025-12-18,2025-12-18T00:00:00.000Z,2025-12-18T00:00:00.000Z,,published,false,,https://www.joho.tagawa.fukuoka.jp/kiji00311472/index.html,f790820f-47b3-4742-aed8-cbb51e11ce46,,false
f869d784-582f-4a4a-af05-8e1c81d2c07c,議案第58号　第6次田川市総合計画の基本構想の変更及び後期基本計画の策定について,HR,enacted,原案可決,2025-12-18,2025-12-18T00:00:00.000Z,2025-12-18T00:00:00.000Z,,published,false,,https://www.joho.tagawa.fukuoka.jp/kiji00311472/index.html,f790820f-47b3-4742-aed8-cbb51e11ce46,,false
53f2254d-d9ca-4425-b6de-fceecc7207e2,議案第59号　田川地区斎場組合規約の変更について,HR,enacted,原案可決,2025-12-18,2025-12-18T00:00:00.000Z,2025-12-18T00:00:00.000Z,,published,false,,https://www.joho.tagawa.fukuoka.jp/kiji00311472/index.html,f790820f-47b3-4742-aed8-cbb51e11ce46,,false
a923f76b-5554-4fda-ab7e-4a0b8dbb038d,議案第60号　田川地区斎場組合の解散について,HR,enacted,原案可決,2025-12-18,2025-12-18T00:00:00.000Z,2025-12-18T00:00:00.000Z,,published,false,,https://www.joho.tagawa.fukuoka.jp/kiji00311472/index.html,f790820f-47b3-4742-aed8-cbb51e11ce46,,false
e7ada3c2-be17-4efa-b78f-d4e7a92e7496,議案第61号　田川地区斎場組合の解散に伴う財産処分について,HR,enacted,原案可決,2025-12-18,2025-12-18T00:00:00.000Z,2025-12-18T00:00:00.000Z,,published,false,,https://www.joho.tagawa.fukuoka.jp/kiji00311472/index.html,f790820f-47b3-4742-aed8-cbb51e11ce46,,false
3347a982-2d29-4280-b2ce-827a7cae12b8,議案第62号　田川地区広域環境衛生施設組合の共同処理する事務の変更及び規約の変更について,HR,enacted,原案可決,2025-12-18,2025-12-18T00:00:00.000Z,2025-12-18T00:00:00.000Z,,published,false,,https://www.joho.tagawa.fukuoka.jp/kiji00311472/index.html,f790820f-47b3-4742-aed8-cbb51e11ce46,,false
31d6ae80-c3e4-4f34-9da0-b5b963b548f3,議案第64号　財産の取得について（スクールバス）,HR,enacted,原案可決,2025-12-18,2025-12-18T00:00:00.000Z,2025-12-18T00:00:00.000Z,,published,false,,https://www.joho.tagawa.fukuoka.jp/kiji00311472/index.html,f790820f-47b3-4742-aed8-cbb51e11ce46,,false
fa290f13-f0e8-4d21-80c8-f425b9394042,議案第65号　財産の取得について（電子黒板）,HR,enacted,原案可決,2025-12-18,2025-12-18T00:00:00.000Z,2025-12-18T00:00:00.000Z,,published,false,,https://www.joho.tagawa.fukuoka.jp/kiji00311472/index.html,f790820f-47b3-4742-aed8-cbb51e11ce46,,false
d9bdfd00-d040-49cc-a44e-fc87eb5ce4ef,議案第66号　指定管理者の指定について（田川文化センター、田川青少年文化ホール）,HR,enacted,原案可決,2025-12-18,2025-12-18T00:00:00.000Z,2025-12-18T00:00:00.000Z,,published,false,,https://www.joho.tagawa.fukuoka.jp/kiji00311472/index.html,f790820f-47b3-4742-aed8-cbb51e11ce46,,false
3e93329b-ec55-4051-8bed-27a514c9e106,議案第67号　令和7年度田川市一般会計補正予算（追加）,HR,enacted,原案可決,2025-12-01,2025-12-01T00:00:00.000Z,2025-12-01T00:00:00.000Z,,published,false,,https://www.joho.tagawa.fukuoka.jp/kiji00311472/index.html,f790820f-47b3-4742-aed8-cbb51e11ce46,,false
daaec989-ccc8-421f-a743-6b2b0d418cb1,議案第68号　財産の取得について（2トンプレス式パッカー車、3トンプレス式パッカー車）,HR,enacted,原案可決,2025-12-18,2025-12-18T00:00:00.000Z,2025-12-18T00:00:00.000Z,,published,false,,https://www.joho.tagawa.fukuoka.jp/kiji00311472/index.html,f790820f-47b3-4742-aed8-cbb51e11ce46,,false
10938942-3747-4f35-8432-1ccf3500ffe3,議案第69号　令和7年度田川市一般会計補正予算（人件費分）,HR,enacted,原案可決,2025-12-18,2025-12-18T00:00:00.000Z,2025-12-18T00:00:00.000Z,,published,false,,https://www.joho.tagawa.fukuoka.jp/kiji00311472/index.html,f790820f-47b3-4742-aed8-cbb51e11ce46,,false
39ecb45d-844f-496f-87b9-7b7028471fd8,議案第70号　令和7年度田川市国民健康保険特別会計補正予算（人件費分）,HR,enacted,原案可決,2025-12-18,2025-12-18T00:00:00.000Z,2025-12-18T00:00:00.000Z,,published,false,,https://www.joho.tagawa.fukuoka.jp/kiji00311472/index.html,f790820f-47b3-4742-aed8-cbb51e11ce46,,false
ffe587ac-520b-4c43-bed4-005ccb68d852,議案第71号　令和7年度田川市後期高齢者医療特別会計補正予算（人件費分）,HR,enacted,原案可決,2025-12-18,2025-12-18T00:00:00.000Z,2025-12-18T00:00:00.000Z,,published,false,,https://www.joho.tagawa.fukuoka.jp/kiji00311472/index.html,f790820f-47b3-4742-aed8-cbb51e11ce46,,false
dbc08d2a-7b4b-44ac-8dc4-990a882c40dc,議案第72号　令和7年度田川市急患医療特別会計補正予算（人件費分）,HR,enacted,原案可決,2025-12-18,2025-12-18T00:00:00.000Z,2025-12-18T00:00:00.000Z,,published,false,,https://www.joho.tagawa.fukuoka.jp/kiji00311472/index.html,f790820f-47b3-4742-aed8-cbb51e11ce46,,false
6645f39f-8334-4c2a-b0b1-626e6f1f31bd,議案第73号　令和7年度田川市一般会計補正予算（追加その2）,HR,enacted,原案可決,2025-12-18,2025-12-18T00:00:00.000Z,2025-12-18T00:00:00.000Z,,published,false,,https://www.joho.tagawa.fukuoka.jp/kiji00311472/index.html,f790820f-47b3-4742-aed8-cbb51e11ce46,,false
504d43c5-77d6-461f-a149-2df026b5d386,議案第74号　田川市職員の給与に関する条例等の一部改正について,HR,enacted,原案可決,2025-12-18,2025-12-18T00:00:00.000Z,2025-12-18T00:00:00.000Z,,published,false,,https://www.joho.tagawa.fukuoka.jp/kiji00311472/index.html,f790820f-47b3-4742-aed8-cbb51e11ce46,,false
3aa08b38-0642-4dbe-8549-ee4a35d47396,議案第75号　田川市議会議員の議員報酬及び費用弁償等に関する条例の一部改正について,HR,enacted,原案可決,2025-12-18,2025-12-18T00:00:00.000Z,2025-12-18T00:00:00.000Z,,published,false,,https://www.joho.tagawa.fukuoka.jp/kiji00311472/index.html,f790820f-47b3-4742-aed8-cbb51e11ce46,,false
793622e5-02fe-452b-8d6c-da90bf0fdd41,議案第76号　和解及び損害賠償の額を定めることについて,HR,enacted,原案可決,2025-12-18,2025-12-18T00:00:00.000Z,2025-12-18T00:00:00.000Z,,published,false,,https://www.joho.tagawa.fukuoka.jp/kiji00311472/index.html,f790820f-47b3-4742-aed8-cbb51e11ce46,,false
0ac6763d-779a-40a4-9232-12a4899a2682,議案第77号　和解の一部変更について,HR,enacted,原案可決,2025-12-18,2025-12-18T00:00:00.000Z,2025-12-18T00:00:00.000Z,,published,false,,https://www.joho.tagawa.fukuoka.jp/kiji00311472/index.html,f790820f-47b3-4742-aed8-cbb51e11ce46,,false
78d74c81-4469-4252-9dc2-1cc620847cf8,諮問第2号　人権擁護委員候補者の推薦について,HR,enacted,同意,2025-12-18,2025-12-18T00:00:00.000Z,2025-12-18T00:00:00.000Z,,published,false,,https://www.joho.tagawa.fukuoka.jp/kiji00311472/index.html,f790820f-47b3-4742-aed8-cbb51e11ce46,,false
2db53ffa-d1cc-4615-b9e4-88d69d9836e9,議員提出議案第52号　田川市議会議長不信任決議について,HR,enacted,原案可決,2025-12-01,2025-12-01T00:00:00.000Z,2025-12-01T00:00:00.000Z,,published,false,,https://www.joho.tagawa.fukuoka.jp/kiji00311472/index.html,f790820f-47b3-4742-aed8-cbb51e11ce46,,false
030e30ca-6ad0-4dcb-b6f7-1956476f2457,議員提出議案第53号　永原譲二大任町長の田川市議会に対する不当な政治的介入に関する抗議の決議について,HR,enacted,原案可決,2025-12-18,2025-12-18T00:00:00.000Z,2025-12-18T00:00:00.000Z,,published,false,,https://www.joho.tagawa.fukuoka.jp/kiji00311472/index.html,f790820f-47b3-4742-aed8-cbb51e11ce46,,false
f824b64a-f58a-4562-a261-e920c74d3a3f,議案第1号　令和7年度田川市一般会計補正予算,HR,enacted,原案可決,2026-01-19,2026-01-19T00:00:00.000Z,2026-01-19T00:00:00.000Z,,published,false,,https://www.joho.tagawa.fukuoka.jp/kiji00311511/index.html,d6ffdbe2-062b-4f34-8ecd-d75221f2208c,,false
145209c8-e6ff-4196-917c-01c895aa5e7d,報告第1号　市長専決処分の報告並びに承認を求めることについて（令和7年度田川市一般会計補正予算）,HR,enacted,承認,2026-02-19,2026-02-19T00:00:00.000Z,2026-02-19T00:00:00.000Z,,published,false,,https://www.joho.tagawa.fukuoka.jp/kiji00311615/index.html,16c9548a-3c2c-4f09-9396-672877d8d484,,false
ce25d952-545b-4163-8ae5-f1936dff0cdf,議案第2号　令和7年度田川市一般会計補正予算,HR,enacted,原案可決,2026-03-04,2026-03-04T00:00:00.000Z,2026-03-04T00:00:00.000Z,,published,false,,https://www.joho.tagawa.fukuoka.jp/kiji00311615/index.html,16c9548a-3c2c-4f09-9396-672877d8d484,,false
98c5fbc1-ce80-4fdf-b710-ffa8c3d9667f,議案第3号　令和7年度田川市国民健康保険特別会計補正予算,HR,enacted,原案可決,2026-03-04,2026-03-04T00:00:00.000Z,2026-03-04T00:00:00.000Z,,published,false,,https://www.joho.tagawa.fukuoka.jp/kiji00311615/index.html,16c9548a-3c2c-4f09-9396-672877d8d484,,false
925d59b4-58d3-42aa-80c9-1bfb4f2c2863,議案第4号　令和7年度田川市後期高齢者医療特別会計補正予算,HR,enacted,原案可決,2026-03-04,2026-03-04T00:00:00.000Z,2026-03-04T00:00:00.000Z,,published,false,,https://www.joho.tagawa.fukuoka.jp/kiji00311615/index.html,16c9548a-3c2c-4f09-9396-672877d8d484,,false
83078d5b-cd45-4d3f-b99f-07eb2d90ccd1,議案第5号　令和7年度田川市急患医療特別会計補正予算,HR,enacted,原案可決,2026-03-04,2026-03-04T00:00:00.000Z,2026-03-04T00:00:00.000Z,,published,false,,https://www.joho.tagawa.fukuoka.jp/kiji00311615/index.html,16c9548a-3c2c-4f09-9396-672877d8d484,,false
a15003e3-aace-490d-8bc3-60961cc2dce2,議案第6号　令和7年度田川市病院事業会計補正予算,HR,enacted,原案可決,2026-03-04,2026-03-04T00:00:00.000Z,2026-03-04T00:00:00.000Z,,published,false,,https://www.joho.tagawa.fukuoka.jp/kiji00311615/index.html,16c9548a-3c2c-4f09-9396-672877d8d484,,false
6ea9f259-e473-4b8a-a6f0-1019cbf15199,議案第7号　令和8年度田川市一般会計予算,HR,enacted,原案可決,2026-03-18,2026-03-18T00:00:00.000Z,2026-03-18T00:00:00.000Z,,published,true,,https://www.joho.tagawa.fukuoka.jp/kiji00311615/index.html,16c9548a-3c2c-4f09-9396-672877d8d484,,false
e983eb12-738a-4c51-890f-297b89df92d2,議案第8号　令和8年度田川市国民健康保険特別会計予算,HR,enacted,原案可決,2026-03-18,2026-03-18T00:00:00.000Z,2026-03-18T00:00:00.000Z,,published,false,,https://www.joho.tagawa.fukuoka.jp/kiji00311615/index.html,16c9548a-3c2c-4f09-9396-672877d8d484,,false
65b2cd46-a032-4821-b6aa-9d9c1561512b,議案第9号　令和8年度田川市後期高齢者医療特別会計予算,HR,enacted,原案可決,2026-03-18,2026-03-18T00:00:00.000Z,2026-03-18T00:00:00.000Z,,published,false,,https://www.joho.tagawa.fukuoka.jp/kiji00311615/index.html,16c9548a-3c2c-4f09-9396-672877d8d484,,false
44dc0f1c-a1a4-4f58-a41c-df9b59a41aac,議案第10号　令和8年度田川市急患医療特別会計予算,HR,enacted,原案可決,2026-03-18,2026-03-18T00:00:00.000Z,2026-03-18T00:00:00.000Z,,published,false,,https://www.joho.tagawa.fukuoka.jp/kiji00311615/index.html,16c9548a-3c2c-4f09-9396-672877d8d484,,false
1aea51fb-d11b-4a46-9de9-f19be16c906f,議案第11号　令和8年度田川市三線沿線地域交通体系整備事業基金特別会計予算,HR,enacted,原案可決,2026-03-18,2026-03-18T00:00:00.000Z,2026-03-18T00:00:00.000Z,,published,false,,https://www.joho.tagawa.fukuoka.jp/kiji00311615/index.html,16c9548a-3c2c-4f09-9396-672877d8d484,,false
3c8a12c7-4066-458c-a0e1-3fef474a6a85,議案第12号　令和8年度田川市病院事業会計予算,HR,enacted,原案可決,2026-03-18,2026-03-18T00:00:00.000Z,2026-03-18T00:00:00.000Z,,published,false,,https://www.joho.tagawa.fukuoka.jp/kiji00311615/index.html,16c9548a-3c2c-4f09-9396-672877d8d484,,false
3ba19b26-0284-40ff-b1b1-dcc538356d76,議案第13号　田川市印鑑条例の一部改正について,HR,enacted,原案可決,2026-03-18,2026-03-18T00:00:00.000Z,2026-03-18T00:00:00.000Z,,published,false,,https://www.joho.tagawa.fukuoka.jp/kiji00311615/index.html,16c9548a-3c2c-4f09-9396-672877d8d484,,false
1cc3164b-6cba-4217-9962-52d52399bcb1,議案第14号　田川市国民健康保険税条例の一部改正について,HR,enacted,原案可決,2026-03-18,2026-03-18T00:00:00.000Z,2026-03-18T00:00:00.000Z,,published,false,,https://www.joho.tagawa.fukuoka.jp/kiji00311615/index.html,16c9548a-3c2c-4f09-9396-672877d8d484,,false
0827fc04-259d-49e7-9a50-ab16a579627f,議案第15号　田川市猫の不妊去勢費用支援基金条例の制定について,HR,enacted,原案可決,2026-03-04,2026-03-04T00:00:00.000Z,2026-03-04T00:00:00.000Z,,published,false,,https://www.joho.tagawa.fukuoka.jp/kiji00311615/index.html,16c9548a-3c2c-4f09-9396-672877d8d484,,false
409f59e5-dc4d-4e9d-84d4-ff6a67a633b4,議案第16号　田川市乳児等通園支援事業の基準を定める条例の制定について,HR,enacted,原案可決,2026-03-18,2026-03-18T00:00:00.000Z,2026-03-18T00:00:00.000Z,,published,false,,https://www.joho.tagawa.fukuoka.jp/kiji00311615/index.html,16c9548a-3c2c-4f09-9396-672877d8d484,,false
93716458-e95c-4f4e-b2be-fc052eee967e,議案第17号　田川市特定乳児等通園支援事業の基準を定める条例の制定について,HR,enacted,原案可決,2026-03-18,2026-03-18T00:00:00.000Z,2026-03-18T00:00:00.000Z,,published,false,,https://www.joho.tagawa.fukuoka.jp/kiji00311615/index.html,16c9548a-3c2c-4f09-9396-672877d8d484,,false
99816d96-7af8-42de-943e-8c8d98c6a871,議案第18号　田川市教育・保育施設等の運営に関する基準を定める条例の一部改正について,HR,enacted,原案可決,2026-03-18,2026-03-18T00:00:00.000Z,2026-03-18T00:00:00.000Z,,published,false,,https://www.joho.tagawa.fukuoka.jp/kiji00311615/index.html,16c9548a-3c2c-4f09-9396-672877d8d484,,false
366c394b-580e-45b5-a07d-acd272c58b6f,議案第19号　田川市放課後児童クラブ設置条例の制定について,HR,enacted,原案可決,2026-03-18,2026-03-18T00:00:00.000Z,2026-03-18T00:00:00.000Z,,published,false,,https://www.joho.tagawa.fukuoka.jp/kiji00311615/index.html,16c9548a-3c2c-4f09-9396-672877d8d484,,false
2022dd8d-cb99-4bfd-943c-35a6749e3f87,議案第20号　田川市立小中一貫校猪位金学園教育振興基金条例の制定について,HR,enacted,原案可決,2026-03-04,2026-03-04T00:00:00.000Z,2026-03-04T00:00:00.000Z,,published,false,,https://www.joho.tagawa.fukuoka.jp/kiji00311615/index.html,16c9548a-3c2c-4f09-9396-672877d8d484,,false
6cae044b-932e-4b99-8e30-3452d91b6e76,議案第21号　田川市過疎地域持続的発展計画の策定について,HR,enacted,原案可決,2026-03-18,2026-03-18T00:00:00.000Z,2026-03-18T00:00:00.000Z,,published,false,,https://www.joho.tagawa.fukuoka.jp/kiji00311615/index.html,16c9548a-3c2c-4f09-9396-672877d8d484,,false
5cf6c6ed-5d09-4461-ae50-c6434fdcede3,議案第22号　特定の事務を取り扱う郵便局の指定変更について,HR,enacted,原案可決,2026-03-18,2026-03-18T00:00:00.000Z,2026-03-18T00:00:00.000Z,,published,false,,https://www.joho.tagawa.fukuoka.jp/kiji00311615/index.html,16c9548a-3c2c-4f09-9396-672877d8d484,,false
ec9cf035-0f44-4bc3-a116-d089ef099fde,議案第23号　市道路線の認定について（奈良タウン1号線）,HR,enacted,原案可決,2026-03-18,2026-03-18T00:00:00.000Z,2026-03-18T00:00:00.000Z,,published,false,,https://www.joho.tagawa.fukuoka.jp/kiji00311615/index.html,16c9548a-3c2c-4f09-9396-672877d8d484,,false
33da1545-0b1b-4117-9e94-dd6717870e40,議案第24号　固定資産評価審査委員会委員の選任について（和田孝子氏）,HR,enacted,同意,2026-03-18,2026-03-18T00:00:00.000Z,2026-03-18T00:00:00.000Z,,published,false,,https://www.joho.tagawa.fukuoka.jp/kiji00311615/index.html,16c9548a-3c2c-4f09-9396-672877d8d484,,false
d21e940e-1168-437a-a2ca-60d256e53708,議案第25号　固定資産評価審査委員会委員の選任について（岩岡智之氏）,HR,enacted,同意,2026-03-18,2026-03-18T00:00:00.000Z,2026-03-18T00:00:00.000Z,,published,false,,https://www.joho.tagawa.fukuoka.jp/kiji00311615/index.html,16c9548a-3c2c-4f09-9396-672877d8d484,,false
0636e910-b2e2-4f11-861f-7285f7b874bd,議案第26号　田川市都市公園条例の一部改正について,HR,enacted,原案可決,2026-03-18,2026-03-18T00:00:00.000Z,2026-03-18T00:00:00.000Z,,published,false,,https://www.joho.tagawa.fukuoka.jp/kiji00311615/index.html,16c9548a-3c2c-4f09-9396-672877d8d484,,false
2d561ba4-86bf-4b88-be8e-481526157778,諮問第1号　人権擁護委員候補者の推薦について（田尼得美穂氏）,HR,enacted,同意,2026-03-18,2026-03-18T00:00:00.000Z,2026-03-18T00:00:00.000Z,,published,false,,https://www.joho.tagawa.fukuoka.jp/kiji00311615/index.html,16c9548a-3c2c-4f09-9396-672877d8d484,,false
813b2f9d-1007-47a1-ade9-8c5d66450adf,諮問第2号　人権擁護委員候補者の推薦について（村上美鈴氏）,HR,enacted,同意,2026-03-18,2026-03-18T00:00:00.000Z,2026-03-18T00:00:00.000Z,,published,false,,https://www.joho.tagawa.fukuoka.jp/kiji00311615/index.html,16c9548a-3c2c-4f09-9396-672877d8d484,,false
1eca6107-44d6-4c7f-a740-f47c4c3129d3,議員提出議案第54号　一般廃棄物処理業務調査特別委員会の経費に関する決議について,HR,enacted,原案可決,2026-03-18,2026-03-18T00:00:00.000Z,2026-03-18T00:00:00.000Z,,published,false,,https://www.joho.tagawa.fukuoka.jp/kiji00311615/index.html,16c9548a-3c2c-4f09-9396-672877d8d484,,false
d893a6be-cb63-4a43-a53e-9004d30cfb2b,議員提出議案第55号　情報公開請求個人情報漏えい調査特別委員会の経費に関する決議について,HR,enacted,原案可決,2026-03-18,2026-03-18T00:00:00.000Z,2026-03-18T00:00:00.000Z,,published,false,,https://www.joho.tagawa.fukuoka.jp/kiji00311615/index.html,16c9548a-3c2c-4f09-9396-672877d8d484,,false
fc4ad844-896c-498d-85cf-e23ad59bf1ee,議員提出議案第56号　指名競争入札建設工事発注調査特別委員会の経費に関する決議について,HR,enacted,原案可決,2026-03-18,2026-03-18T00:00:00.000Z,2026-03-18T00:00:00.000Z,,published,false,,https://www.joho.tagawa.fukuoka.jp/kiji00311615/index.html,16c9548a-3c2c-4f09-9396-672877d8d484,,false
f07c2134-5e1d-4ef6-8c1a-5c35385bd95b,報告第2号　市長専決処分の報告並びに承認を求めることについて［専決第4号　田川市市税条例の一部改正について］,HR,enacted,承認,2026-05-29,2026-05-29T00:00:00.000Z,2026-05-29T00:00:00.000Z,,published,false,,https://www.joho.tagawa.fukuoka.jp/kiji00311747/index.html,c0296a39-95c3-4ee0-ac43-8db9930f0441,,false
8d849848-08ad-47e7-949d-66b669fba8f7,報告第3号　市長専決処分の報告並びに承認を求めることについて［専決第5号　田川市国民健康保険税条例の一部改正について］,HR,enacted,承認,2026-05-29,2026-05-29T00:00:00.000Z,2026-05-29T00:00:00.000Z,,published,false,,https://www.joho.tagawa.fukuoka.jp/kiji00311747/index.html,c0296a39-95c3-4ee0-ac43-8db9930f0441,,false
3c34d1b0-b7c7-47f8-8f3b-43c00eef8e0a,報告第4号　市長専決処分の報告並びに承認を求めることについて［専決第6号　令和8年度田川市一般会計補正予算］,HR,enacted,承認,2026-05-29,2026-05-29T00:00:00.000Z,2026-05-29T00:00:00.000Z,,published,false,,https://www.joho.tagawa.fukuoka.jp/kiji00311747/index.html,c0296a39-95c3-4ee0-ac43-8db9930f0441,,false
00575671-4d39-4542-afd4-171cf644fac5,市長の退職の期日に関する同意について,HR,enacted,同意,2026-05-29,2026-05-29T00:00:00.000Z,2026-05-29T00:00:00.000Z,,published,false,,https://www.joho.tagawa.fukuoka.jp/kiji00311747/index.html,c0296a39-95c3-4ee0-ac43-8db9930f0441,,false
fc715017-4296-4f39-a237-db89b1723bf6,議案第28号　令和8年度田川市一般会計補正予算【追加】,HR,enacted,原案可決,2026-06-12,2026-06-12T00:00:00.000Z,2026-06-12T00:00:00.000Z,,published,false,,https://www.joho.tagawa.fukuoka.jp/kiji00311782/index.html,d822e15b-e0c4-4c04-bd3b-59b19b53f29e,,false
f50f0b60-504d-443d-bc53-2240f6ccc67a,議案第27号　令和8年度田川市一般会計補正予算,HR,enacted,原案可決,2026-07-01,2026-07-01T00:00:00.000Z,2026-07-01T00:00:00.000Z,,published,false,,https://www.joho.tagawa.fukuoka.jp/kiji00311782/index.html,d822e15b-e0c4-4c04-bd3b-59b19b53f29e,,false
218354d0-86a2-49cf-a9e9-9b11656236c3,議案第29号　田川市行政手続条例の一部改正について,HR,enacted,原案可決,2026-07-01,2026-07-01T00:00:00.000Z,2026-07-01T00:00:00.000Z,,published,false,,https://www.joho.tagawa.fukuoka.jp/kiji00311782/index.html,d822e15b-e0c4-4c04-bd3b-59b19b53f29e,,false
266a9c76-2d83-4acb-8bc3-42ff4b6ef333,議案第30号　田川市市税条例の一部改正について,HR,enacted,原案可決,2026-07-01,2026-07-01T00:00:00.000Z,2026-07-01T00:00:00.000Z,,published,false,,https://www.joho.tagawa.fukuoka.jp/kiji00311782/index.html,d822e15b-e0c4-4c04-bd3b-59b19b53f29e,,false
0513684d-7298-4643-a998-9f09feb1f8d3,議案第31号　工事請負契約の変更について（向陽台団地橋梁上部工工事）,HR,enacted,原案可決,2026-07-01,2026-07-01T00:00:00.000Z,2026-07-01T00:00:00.000Z,,published,false,,https://www.joho.tagawa.fukuoka.jp/kiji00311782/index.html,d822e15b-e0c4-4c04-bd3b-59b19b53f29e,,false
ec4b0824-9b69-4759-815e-7f19b9ca741f,議案第32号　市道路線の認定について（大浦団地8号線）,HR,enacted,原案可決,2026-07-01,2026-07-01T00:00:00.000Z,2026-07-01T00:00:00.000Z,,published,false,,https://www.joho.tagawa.fukuoka.jp/kiji00311782/index.html,d822e15b-e0c4-4c04-bd3b-59b19b53f29e,,false
f4da285b-6fd4-4bd0-987f-7b3c6870e7e5,議案第33号　公平委員会委員の選任について（森脇敦史氏）,HR,enacted,同意,2026-07-01,2026-07-01T00:00:00.000Z,2026-07-01T00:00:00.000Z,,published,false,,https://www.joho.tagawa.fukuoka.jp/kiji00311782/index.html,d822e15b-e0c4-4c04-bd3b-59b19b53f29e,,false
72adaf02-c94c-485f-9a65-82723b972215,議案第34号　農業委員会委員の任命について,HR,enacted,同意,2026-07-01,2026-07-01T00:00:00.000Z,2026-07-01T00:00:00.000Z,,published,false,,https://www.joho.tagawa.fukuoka.jp/kiji00311782/index.html,d822e15b-e0c4-4c04-bd3b-59b19b53f29e,,false
ee6ef1f4-7bfd-4f77-8094-01df306944b7,議案第35号　農業委員会委員の任命について,HR,enacted,同意,2026-07-01,2026-07-01T00:00:00.000Z,2026-07-01T00:00:00.000Z,,published,false,,https://www.joho.tagawa.fukuoka.jp/kiji00311782/index.html,d822e15b-e0c4-4c04-bd3b-59b19b53f29e,,false
f57e79b8-6d5b-4865-8033-c2bd84e513b1,議案第36号　農業委員会委員の任命について,HR,enacted,同意,2026-07-01,2026-07-01T00:00:00.000Z,2026-07-01T00:00:00.000Z,,published,false,,https://www.joho.tagawa.fukuoka.jp/kiji00311782/index.html,d822e15b-e0c4-4c04-bd3b-59b19b53f29e,,false
a4027c6f-980e-4c38-93d4-bac480ff760c,議案第37号　農業委員会委員の任命について,HR,enacted,同意,2026-07-01,2026-07-01T00:00:00.000Z,2026-07-01T00:00:00.000Z,,published,false,,https://www.joho.tagawa.fukuoka.jp/kiji00311782/index.html,d822e15b-e0c4-4c04-bd3b-59b19b53f29e,,false
753b6290-0a45-409c-b46a-b5aa05725ff1,議案第38号　農業委員会委員の任命について,HR,enacted,同意,2026-07-01,2026-07-01T00:00:00.000Z,2026-07-01T00:00:00.000Z,,published,false,,https://www.joho.tagawa.fukuoka.jp/kiji00311782/index.html,d822e15b-e0c4-4c04-bd3b-59b19b53f29e,,false
1d86cbcc-a3e8-46c1-84f1-59e250632629,議案第39号　農業委員会委員の任命について,HR,enacted,同意,2026-07-01,2026-07-01T00:00:00.000Z,2026-07-01T00:00:00.000Z,,published,false,,https://www.joho.tagawa.fukuoka.jp/kiji00311782/index.html,d822e15b-e0c4-4c04-bd3b-59b19b53f29e,,false
4e18ccb6-b376-419f-b9b8-49892ef93f7d,議案第40号　農業委員会委員の任命について（原田敏春氏）,HR,enacted,同意,2026-07-01,2026-07-01T00:00:00.000Z,2026-07-01T00:00:00.000Z,,published,false,,https://www.joho.tagawa.fukuoka.jp/kiji00311782/index.html,d822e15b-e0c4-4c04-bd3b-59b19b53f29e,,false
c0f4163d-d283-4a1b-90de-bbc000d31b3a,議案第41号　農業委員会委員の任命について（辻繁美氏）,HR,enacted,同意,2026-07-01,2026-07-01T00:00:00.000Z,2026-07-01T00:00:00.000Z,,published,false,,https://www.joho.tagawa.fukuoka.jp/kiji00311782/index.html,d822e15b-e0c4-4c04-bd3b-59b19b53f29e,,false
9f9e4978-8607-4b8f-a8ca-23babbac5bee,議案第42号　農業委員会委員の任命について（野中栄藏氏）,HR,rejected,否決,2026-07-01,2026-07-01T00:00:00.000Z,2026-07-01T00:00:00.000Z,,published,true,,https://www.joho.tagawa.fukuoka.jp/kiji00311782/index.html,d822e15b-e0c4-4c04-bd3b-59b19b53f29e,,false
74a07878-146f-4860-b21b-188eafae7563,議案第43号　農業委員会委員の任命について,HR,enacted,同意,2026-07-01,2026-07-01T00:00:00.000Z,2026-07-01T00:00:00.000Z,,published,false,,https://www.joho.tagawa.fukuoka.jp/kiji00311782/index.html,d822e15b-e0c4-4c04-bd3b-59b19b53f29e,,false
57f15ca8-e582-4931-8922-1eba67761a49,議案第44号　農業委員会委員の任命について,HR,enacted,同意,2026-07-01,2026-07-01T00:00:00.000Z,2026-07-01T00:00:00.000Z,,published,false,,https://www.joho.tagawa.fukuoka.jp/kiji00311782/index.html,d822e15b-e0c4-4c04-bd3b-59b19b53f29e,,false
524cae93-b58c-4417-9f4c-e2180a7fd7cf,議案第45号　農業委員会委員の任命について,HR,enacted,同意,2026-07-01,2026-07-01T00:00:00.000Z,2026-07-01T00:00:00.000Z,,published,false,,https://www.joho.tagawa.fukuoka.jp/kiji00311782/index.html,d822e15b-e0c4-4c04-bd3b-59b19b53f29e,,false
7d833f7d-6a3c-4e2c-95f4-1997939656e6,議案第46号　農業委員会委員の任命について,HR,enacted,同意,2026-07-01,2026-07-01T00:00:00.000Z,2026-07-01T00:00:00.000Z,,published,false,,https://www.joho.tagawa.fukuoka.jp/kiji00311782/index.html,d822e15b-e0c4-4c04-bd3b-59b19b53f29e,,false
2eb8177a-aefd-477a-8b2f-0a9de378fbfc,議案第47号　農業委員会委員の任命について,HR,enacted,同意,2026-07-01,2026-07-01T00:00:00.000Z,2026-07-01T00:00:00.000Z,,published,false,,https://www.joho.tagawa.fukuoka.jp/kiji00311782/index.html,d822e15b-e0c4-4c04-bd3b-59b19b53f29e,,false
8338d725-9bef-484a-a12f-f64e498e5435,議員提出議案第57号　2027年度政府予算編成に係る教職員定数改善を求める意見書,HR,enacted,原案可決,2026-07-01,2026-07-01T00:00:00.000Z,2026-07-01T00:00:00.000Z,,published,false,,https://www.joho.tagawa.fukuoka.jp/kiji00311782/index.html,d822e15b-e0c4-4c04-bd3b-59b19b53f29e,,false
2ed9a1ab-2b37-472b-8f4a-b9abf34b42e8,議員提出議案第58号　地方財政の充実・強化を求める意見書,HR,enacted,原案可決,2026-07-01,2026-07-01T00:00:00.000Z,2026-07-01T00:00:00.000Z,,published,false,,https://www.joho.tagawa.fukuoka.jp/kiji00311782/index.html,d822e15b-e0c4-4c04-bd3b-59b19b53f29e,,false
0c157f1d-47b6-4d21-bc6c-8fd1c5c888d9,陸田孝則議員の公職選挙法違反疑惑に関する検証等特別委員会の審査結果報告について,HR,enacted,可決,2026-07-01,2026-07-01T00:00:00.000Z,2026-07-01T00:00:00.000Z,,published,false,,https://www.joho.tagawa.fukuoka.jp/kiji00311782/index.html,d822e15b-e0c4-4c04-bd3b-59b19b53f29e,,false
